Title,Author,Year of Publication,Genre,Country,Language,ISBN
Class else.,Dawn Curtis,1935,Thriller,Norfolk Island,Japanese,978-1-55830-848-0
Series another fill.,Benjamin Black,2023,Sci-Fi,Holy See (Vatican City State),German,978-1-4890-3974-3
Use thousand language.,Dale Anderson,1956,Fantasy,Uzbekistan,French,978-1-929131-29-7
Drop peace community.,Crystal Spencer,1920,Fantasy,Macedonia,German,978-0-07-077286-1
Worry quite teacher.,Alexandra Snow,1922,Fiction,Somalia,Italian,978-1-5128-7755-7
Approach prove.,Johnny Schmidt,1903,Thriller,Norway,German,978-0-87735-108-5
Employee product next.,Russell Castro,1960,Biography,Hungary,Spanish,978-0-15-396409-1
Begin article create.,Antonio Adkins,1932,Fiction,Benin,French,978-1-4162-1673-5
Answer.,Randall Campbell,1913,Mystery,Azerbaijan,Japanese,978-1-71639-743-1
Star theory affect front.,Chris Farmer,1979,Biography,Taiwan,Russian,978-1-00-302302-9
Skill wrong new.,Steven Williams,1901,Fiction,Italy,Chinese,978-1-132-49077-8
Staff region.,Adam Peters,2015,Fiction,Sri Lanka,French,978-0-85208-779-4
Camera they.,Ricardo Tucker,2007,Biography,Kazakhstan,Chinese,978-1-216-05029-4
Court bill cover.,Vicki Higgins,1967,Mystery,Bouvet Island (Bouvetoya),Chinese,978-0-01-450750-4
List.,Michael Rose Jr.,1938,Biography,South Africa,English,978-0-910239-28-8
Style its affect.,Courtney Arroyo,1970,Non-fiction,Mauritius,Chinese,978-1-4648-7987-6
Task idea.,Katherine Gomez,1910,Fantasy,Saint Barthelemy,German,978-0-86426-412-1
Continue east worry.,John King,1977,Non-fiction,Palestinian Territory,German,978-0-400-89853-7
Several opportunity design.,Derrick Cook,1926,Fantasy,Japan,Spanish,978-1-4901-2335-6
Majority if training part.,Chase Simmons,1921,Sci-Fi,Malta,German,978-1-371-47281-8
Me rule.,Ann Hanson,1987,Fantasy,Sao Tome and Principe,Japanese,978-0-07-840510-5
Human everyone.,Karen Smith,1926,Romance,Estonia,Spanish,978-0-439-62790-0
Very bank baby.,Tracie Robinson,1921,Non-fiction,Turkey,English,978-1-128-56088-1
We such manager.,Kelsey Galloway,1952,Biography,Congo,Spanish,978-0-947390-60-0
Show southern.,Charles Vega,2004,Biography,Nigeria,Japanese,978-1-83297-677-0
Evidence some.,William Baxter,1932,Biography,Saudi Arabia,German,978-0-9520431-2-6
Federal himself.,Alexandria Burton,1905,Mystery,India,English,978-0-7439-4722-0
Value.,Linda Ross,2021,Thriller,Dominican Republic,Spanish,978-1-228-92703-4
Push.,Zachary Baker,1965,Fantasy,Sudan,French,978-0-528-36593-5
Task rather give.,Lacey Jackson,1951,Romance,Niger,Japanese,978-0-7160-4428-4
Consider the.,Jean Jones,1977,Fantasy,San Marino,Spanish,978-0-9653953-7-3
Half worry suddenly.,Elizabeth Holland,1918,Thriller,Belize,English,978-1-873118-88-7
Lot paper.,Adam Cox,1972,Romance,Timor-Leste,German,978-1-373-75318-2
Tend speak.,Marc Miller,1982,Romance,Israel,Italian,978-1-919617-43-5
Beyond enough.,Mark Spencer,1938,Fantasy,Algeria,Italian,978-0-06-153305-1
About word.,Spencer Hughes,1931,Thriller,Mongolia,English,978-1-04-755430-5
White.,Jeffrey Roberson,1938,Fantasy,Qatar,German,978-0-7780-5423-8
Will life stage.,Paul Rose,1976,Romance,Bangladesh,English,978-1-396-89927-0
Head safe.,Eric Harrison,1970,Romance,Honduras,German,978-1-322-54706-0
Clearly station outside.,Michael Smith,2005,Non-fiction,Korea,Chinese,978-1-4050-4166-9
Wait sister campaign.,Jacob Nichols,1984,Romance,Zambia,French,978-0-609-37364-4
Own level.,Thomas Dean MD,2022,Romance,Papua New Guinea,Italian,978-0-364-40893-3
Explain lead us we.,Gloria Castillo,1940,Fiction,Rwanda,Italian,978-1-331-88981-6
Send.,Maurice Parsons,1931,Mystery,Greece,German,978-0-7461-0843-7
Heart especially.,Christine Wright,1939,Biography,Congo,French,978-1-4152-5971-9
Choose kitchen meeting.,Patricia Olsen,1908,Thriller,South Georgia and the South Sandwich Islands,Spanish,978-1-66091-318-3
Rest evidence.,Stephanie Bates,1916,Sci-Fi,Slovakia (Slovak Republic),Chinese,978-0-444-06537-7
More top.,Patricia Harris,1902,Biography,Guinea-Bissau,Italian,978-0-215-14604-5
Ask box.,Melanie Patterson,1992,Sci-Fi,Samoa,English,978-0-372-56950-3
Mother control perhaps.,Tara Cox,1977,Fantasy,Netherlands,Russian,978-0-18-740383-2
Could black.,Julie Thompson,1960,Biography,Libyan Arab Jamahiriya,Russian,978-0-285-88018-4
Audience.,James Walker,1919,Sci-Fi,Botswana,German,978-1-174-77092-0
Source collection.,Edward Rodriguez,2021,Fantasy,United States of America,Russian,978-0-85478-270-3
Wait.,Cassandra Miles,1958,Fantasy,Korea,Japanese,978-1-01-163890-1
Sister give small.,Hunter Tucker,1999,Mystery,Montenegro,French,978-1-371-55095-0
Too message fear.,Deborah Elliott,1925,Fantasy,Saint Vincent and the Grenadines,Russian,978-1-86349-320-8
Traditional allow ahead.,Tiffany Patel,1910,Fiction,Jersey,German,978-1-80860-313-6
Prevent fill.,Mindy Murray,1952,Romance,Nauru,Spanish,978-0-290-45641-1
Operation report concern.,Marvin Tyler,1988,Mystery,Kazakhstan,English,978-0-17-972472-3
Radio current act.,Ashley Davidson,1965,Romance,Canada,German,978-0-87399-275-6
Mission as me report.,Amy Wilson,1902,Romance,Puerto Rico,German,978-0-7864-2935-6
Until from hotel position.,Rose Ponce,1911,Non-fiction,Hungary,Italian,978-0-693-68139-7
Be admit.,Eric Edwards,1960,Biography,Bangladesh,French,978-0-697-82766-1
Treatment three.,Caleb Johnson,1934,Mystery,Western Sahara,English,978-0-282-43158-7
Such house.,Robert Bender,2008,Thriller,Indonesia,English,978-1-83849-670-8
Trial standard now.,David Tran,1980,Romance,Palestinian Territory,English,978-0-85720-488-2
Decide.,Samantha Washington,1967,Fantasy,El Salvador,Spanish,978-1-349-74576-0
Notice short side.,Andrea Saunders,1902,Fantasy,Slovakia (Slovak Republic),Russian,978-0-620-37045-5
Teach arm.,Joseph Rodriguez,1920,Romance,Chad,Chinese,978-0-7069-0517-5
Current fish together.,William Warren,1909,Biography,Jersey,Russian,978-0-7977-9893-9
Throughout shoulder.,Noah Hester,1996,Sci-Fi,Lithuania,Italian,978-1-62155-572-8
Artist seek man reflect.,April Miller,1979,Sci-Fi,Ukraine,Japanese,978-1-01-563590-6
Rather cold.,Luke Vargas,1905,Mystery,Macedonia,French,978-0-00-325066-4
Chair force rock today.,Nicole Curry,1949,Non-fiction,Jordan,Chinese,978-1-281-73631-4
Audience property bill.,Martin Lopez,1981,Thriller,Saint Barthelemy,German,978-1-285-28402-6
Least one food.,Janice Brown,1965,Non-fiction,Equatorial Guinea,Japanese,978-0-919263-59-8
Knowledge report build.,Brandon Randolph,1923,Biography,Jersey,Russian,978-1-905015-54-2
If police head music.,Alicia Francis,1903,Thriller,Christmas Island,French,978-1-119-72437-7
Amount room PM.,Christina Lindsey,2002,Thriller,Antarctica (the territory South of 60 deg S),Chinese,978-0-359-46651-1
Then shake system.,Nicole Carpenter,2009,Fantasy,Hungary,Japanese,978-0-7448-0073-9
With few break.,Carly Anderson,1947,Biography,South Georgia and the South Sandwich Islands,English,978-1-59296-063-7
Western experience past.,Jeffrey Fry,1971,Fiction,Guinea-Bissau,French,978-1-190-96822-6
Great ahead space.,Mark Garcia,1930,Fiction,French Guiana,German,978-0-9767153-1-3
Plant year team drop.,Makayla Cox,1951,Mystery,Reunion,Chinese,978-1-223-19661-9
Vote couple.,Kara Conley MD,1965,Sci-Fi,Canada,Japanese,978-1-268-73363-3
Third finish.,Jennifer Cross,1937,Mystery,Aruba,Spanish,978-0-7001-8479-8
Whom body.,Jeremy Le,1957,Sci-Fi,Peru,German,978-1-4771-9630-4
Author bank war nearly.,Betty Perez,2012,Biography,Switzerland,Spanish,978-1-939558-62-6
Quality role.,Deborah Anderson,1907,Mystery,Bahamas,English,978-1-4073-7595-3
Cover agent.,Anthony Bowers,1905,Fiction,Kenya,German,978-0-7238-8703-4
Impact enough.,Lauren Benson,2008,Mystery,Cambodia,Chinese,978-0-7812-7387-9
Field not.,Katrina Mason,1958,Non-fiction,Brunei Darussalam,Russian,978-1-69517-117-6
Glass theory onto.,Lori Washington,2000,Biography,Estonia,Japanese,978-0-7755-8242-0
Life nation program.,Adriana Evans,1957,Sci-Fi,Italy,Russian,978-1-77405-380-5
Sense.,Donald Perez,1950,Sci-Fi,Tajikistan,English,978-0-7356-9519-1
There past property couple.,John Holland MD,1943,Romance,New Caledonia,German,978-0-492-25472-3
Who necessary.,Madeline Ramos,2021,Fiction,Ghana,English,978-0-7314-4711-4
All pay.,Kirsten Scott,1937,Romance,Samoa,Italian,978-0-16-492052-9
Certain attention.,Mr. Christopher Haas,1999,Romance,French Southern Territories,English,978-0-8360-7762-9
Hope into argue.,Kevin Hoffman,2022,Thriller,Mauritius,German,978-0-439-97858-3
Themselves become much language.,Amanda Wilson,1923,Fiction,Syrian Arab Republic,Spanish,978-1-80562-568-1
Trial west.,Stacy Bradley,1926,Mystery,Switzerland,Chinese,978-0-635-92741-5
Instead culture.,Lisa Peterson,1937,Sci-Fi,Netherlands Antilles,German,978-1-191-57570-6
Study particularly.,Thomas Smith,1982,Sci-Fi,Benin,English,978-1-4191-7601-2
Trouble call.,Victor Atkinson,1979,Thriller,Tunisia,French,978-0-684-44292-1
Likely job.,Jessica Taylor,1922,Non-fiction,Maldives,Russian,978-1-02-651336-1
Win let red.,Jennifer James,1996,Sci-Fi,Morocco,Italian,978-1-60112-900-0
Make network.,David Green,1994,Biography,El Salvador,French,978-1-957279-86-2
Pull drop allow.,Bradley Wilson,1952,Sci-Fi,United Arab Emirates,Japanese,978-1-144-41073-3
Shoulder create.,Madison Perry,1939,Biography,Yemen,Russian,978-0-299-34306-4
Add building.,Clinton Cantrell,1906,Non-fiction,Svalbard & Jan Mayen Islands,Spanish,978-0-690-18821-9
Attack notice police.,Connie Nelson,1901,Fantasy,Algeria,Japanese,978-1-387-34504-5
Per small ok.,Gregory Mitchell,2005,Sci-Fi,Czech Republic,Italian,978-0-257-34694-6
Station white write.,Natalie Monroe,1938,Fiction,Bangladesh,Japanese,978-0-530-71216-1
Long anyone.,James Cortez,1989,Biography,United States Minor Outlying Islands,Spanish,978-1-83201-978-1
Mrs my.,Nicholas Smith Jr.,1997,Romance,Iran,Russian,978-1-04-415600-7
Husband thing any.,Alicia Griffin,1979,Fiction,Estonia,Spanish,978-0-9926653-0-2
Require picture.,Jacqueline Chen,1949,Fantasy,Qatar,Russian,978-1-4464-9169-0
Begin surface international.,Matthew Thompson,2008,Biography,Burundi,Spanish,978-1-4926-1780-8
Meeting order.,Ronald Thomas,1917,Biography,Congo,Russian,978-1-5249-2616-8
Room area learn.,Margaret Simmons,2023,Romance,Slovenia,French,978-0-8157-4183-1
Let case.,Daniel Henderson,1943,Mystery,Macao,English,978-1-230-82876-3
Go expert through probably.,Ryan Mcmillan,1936,Fiction,Slovenia,Japanese,978-0-207-27546-3
Prevent.,Christopher Kennedy,1901,Non-fiction,Lesotho,Spanish,978-0-04-517062-3
Of myself collection.,Michael Shaw,1977,Biography,Vietnam,English,978-0-397-16658-9
Without crime.,John Garcia,1962,Thriller,Iraq,English,978-1-361-33107-1
Interview produce.,Ashley Richardson,1942,Fantasy,Tuvalu,Chinese,978-1-77396-071-5
Treatment.,Jay Perez,1944,Biography,Lesotho,German,978-1-7348560-3-3
Style audience.,Allison Brown,1941,Non-fiction,Myanmar,Russian,978-0-638-19301-5
Treatment available no.,John Weeks,1918,Non-fiction,Mexico,Russian,978-1-78988-782-2
Next major.,Timothy Pennington,1930,Fiction,Lebanon,French,978-0-688-13453-2
Note tax say thought.,Kevin Hughes,1940,Mystery,Turks and Caicos Islands,Chinese,978-0-560-16793-1
Green not.,Laura Frazier,1944,Biography,Jersey,Japanese,978-0-506-20606-9
Bad provide.,Kristina Brown,1900,Mystery,United Kingdom,Russian,978-0-948433-50-4
Future figure name.,Angela Nelson,2023,Biography,Mongolia,Russian,978-1-169-66650-4
Under note meet.,Christina Khan,1947,Biography,Iraq,French,978-0-338-81823-2
Book hotel.,Bruce Macdonald,2002,Biography,Iran,Chinese,978-0-12-503441-8
Which appear myself.,Robert Peterson,1969,Sci-Fi,Chad,Chinese,978-1-384-18757-0
Price discussion.,Sandra Robinson,1939,Thriller,South Africa,Russian,978-1-86344-007-3
Trade.,Susan Mitchell DVM,1999,Sci-Fi,Cote d'Ivoire,French,978-0-500-99307-1
Yet simple.,Laura Rogers,1970,Non-fiction,Central African Republic,Spanish,978-1-229-26447-3
Clearly wish.,Debra Villegas,2003,Non-fiction,Somalia,Chinese,978-1-385-48191-2
Pick show statement.,Matthew Arroyo,1955,Fantasy,Ireland,Japanese,978-1-134-32865-9
Nearly magazine decade.,Dylan Wilson,1999,Non-fiction,Myanmar,Spanish,978-0-01-287909-2
Lay day.,Gabrielle Martin,1905,Fiction,Jamaica,French,978-0-85399-126-7
Use view send.,Taylor Yoder,1972,Sci-Fi,Vietnam,Russian,978-0-7634-3910-1
Arm stop.,Martin James,1900,Mystery,Solomon Islands,Japanese,978-1-213-33403-8
Modern actually.,Jessica Richards,1974,Romance,Venezuela,Japanese,978-0-302-30998-8
Receive different.,Riley Esparza,2014,Mystery,Bermuda,Italian,978-1-75131-090-7
Health cost prepare.,Brett Barr,2021,Fantasy,Kazakhstan,English,978-1-55936-213-9
Decision fill degree.,Raymond Williams,2023,Sci-Fi,Gabon,Italian,978-1-81605-776-1
Six true.,Anna Taylor,2006,Biography,Timor-Leste,French,978-1-164-11145-0
Look nice everybody.,Stephanie Morgan,1931,Biography,Chad,Japanese,978-0-327-49094-4
Drive miss base.,Michael Arnold,2008,Thriller,South Africa,Spanish,978-0-502-30043-3
Focus painting.,Joshua Aguirre,1930,Non-fiction,Moldova,Italian,978-1-381-83050-9
Bit peace choose.,Micheal Black,1981,Sci-Fi,Taiwan,Russian,978-0-9675662-4-5
Toward future behind.,Ms. Sharon Edwards DDS,1959,Thriller,Djibouti,Italian,978-0-9855998-1-2
Himself from.,Antonio Johnson,1957,Fantasy,Central African Republic,Spanish,978-0-15-008125-8
True room article.,Kevin Dorsey,2014,Fiction,Yemen,Spanish,978-0-902865-27-3
Create whatever.,Emma Nicholson,1971,Fiction,India,Japanese,978-1-64071-574-5
Test quickly next.,Matthew Farrell,1949,Biography,Gibraltar,Japanese,978-0-445-77573-2
Product industry ask.,Erin Garza,1993,Sci-Fi,France,Chinese,978-1-4023-0254-1
Become officer.,Kyle Brown,1944,Mystery,Timor-Leste,Russian,978-1-970561-05-0
Admit.,Antonio Barker,2011,Non-fiction,Saint Vincent and the Grenadines,English,978-0-02-524089-6
Away peace.,Shelly Ayala,1970,Biography,Canada,Spanish,978-0-414-09514-4
A.,Wayne Wagner,1932,Fiction,Guernsey,Chinese,978-0-7272-5152-7
Protect.,David Coffey,1961,Non-fiction,Moldova,Chinese,978-1-64504-671-4
Something political child.,Tammy Griffith,2001,Thriller,Malta,Italian,978-0-05-372421-4
Increase against wide voice.,Diana Castillo,1975,Non-fiction,Georgia,French,978-0-88272-902-2
So bed agency.,James Peterson,1995,Mystery,Monaco,Japanese,978-0-286-04774-6
Music.,Benjamin Rangel,1922,Thriller,Saint Kitts and Nevis,Spanish,978-1-199-19595-1
Half artist high.,Reginald Barajas,1958,Fantasy,Niger,English,978-0-13-428707-2
A your.,Christopher Vazquez,1984,Fiction,Svalbard & Jan Mayen Islands,Russian,978-1-879155-89-3
Green successful father.,Beth Smith,1983,Fiction,Panama,Italian,978-1-06-087950-8
Professional herself.,Robert Mitchell,1943,Mystery,Mauritania,Spanish,978-1-7347773-7-6
Across lay easy under.,Makayla Anderson,1953,Sci-Fi,Australia,Italian,978-1-5178-0294-3
Adult manager unit.,John Bradshaw,1932,Sci-Fi,Saint Pierre and Miquelon,Chinese,978-0-03-110780-0
Season attorney film.,Vanessa Brown,1981,Sci-Fi,Mayotte,English,978-1-4864-8202-3
Individual trade real.,Nathan Medina,2007,Romance,Cape Verde,French,978-0-12-753355-1
North pick eat.,Sean Dixon,1961,Fiction,British Virgin Islands,English,978-0-512-97092-3
Never be government.,James Williams MD,1900,Non-fiction,Kazakhstan,English,978-1-332-07016-9
Into mouth set.,Megan Sweeney,2003,Sci-Fi,Aruba,Spanish,978-0-471-83405-2
Type trip.,Victoria White,1936,Romance,Saint Martin,Italian,978-0-357-32634-3
Community research join.,Gary Rhodes,2016,Mystery,Myanmar,German,978-0-662-62876-7
Similar feel risk.,Diane Moreno,1973,Non-fiction,Lesotho,Italian,978-1-374-55858-8
Church movie participant.,Mary Jones,2010,Thriller,China,French,978-1-4382-6200-0
Bar garden energy.,Craig Perez,1949,Romance,Colombia,French,978-1-74631-764-5
Certain memory those.,Theresa Oneal,1929,Fiction,French Polynesia,Chinese,978-1-880911-60-0
Positive check.,David Hancock,1946,Fiction,Indonesia,English,978-0-85440-997-6
Reveal success international.,Briana Clark,1979,Romance,Cook Islands,French,978-0-7080-0352-7
Police break worry.,Mark Stanley,2020,Sci-Fi,Western Sahara,French,978-0-373-90843-1
Least north.,Corey Smith,2023,Fiction,Guadeloupe,Japanese,978-0-85640-517-4
Either sport.,Ashley Sanchez,1994,Mystery,French Southern Territories,Russian,978-1-58291-626-2
Son.,Kyle Hernandez,1925,Mystery,Guyana,French,978-1-144-03075-7
Couple yourself camera.,Catherine Ferguson,2021,Biography,Belgium,Italian,978-0-7346-1562-6
Understand.,Scott Reyes,1948,Romance,Slovenia,English,978-0-7637-9626-6
Policy computer marriage.,Alexander Bonilla,2009,Non-fiction,Cook Islands,German,978-1-05-163584-7
Rise discover.,Michael Allen,1944,Thriller,Maldives,German,978-0-554-64312-0
So may.,Brandy Acosta DVM,2002,Thriller,Lithuania,English,978-0-08-164467-6
General fund indicate.,Rhonda Massey,1905,Fiction,United States of America,Japanese,978-0-7033-7843-9
How ground compare.,Christina Mclaughlin,1984,Fiction,Saudi Arabia,English,978-1-03-494053-1
Through a.,Lisa Sanchez,1913,Non-fiction,Croatia,Russian,978-0-15-880953-3
Type state floor.,Justin Harmon,1962,Fiction,Heard Island and McDonald Islands,Russian,978-1-351-33692-5
A.,David Henderson,1962,Fantasy,Antigua and Barbuda,German,978-1-303-30599-3
Manage same.,Matthew Jackson,1974,Biography,Greenland,Japanese,978-1-4748-7701-5
City see.,Jill Hull,1932,Biography,Anguilla,Chinese,978-0-608-42999-1
Society research fine.,Brianna Hood,2010,Non-fiction,Kazakhstan,Russian,978-0-9718554-1-0
Safe per.,Gina Matthews,1960,Romance,United States of America,German,978-1-70782-670-4
Tv hundred threat.,Donald Faulkner,1919,Fantasy,Ecuador,German,978-1-76578-178-6
Really exist.,Martha Turner,1993,Fantasy,Vietnam,French,978-1-5318-3748-8
Likely benefit after.,Brandon Ewing,1949,Fantasy,Kazakhstan,English,978-0-262-19684-0
Add.,Daniel Cooley,1920,Sci-Fi,Malaysia,French,978-0-924082-67-2
Smile form after open.,Kelly Roberson,2011,Fiction,Lesotho,French,978-0-419-19777-5
Third.,Daniel Smith,1975,Fiction,Romania,Spanish,978-0-549-69758-9
Wear water authority.,Mr. Howard Carr,2023,Biography,Namibia,Russian,978-1-72576-352-4
Different course.,Dr. Melissa Chavez,1986,Biography,Russian Federation,English,978-0-86986-180-6
Moment this yourself model.,Melinda Smith,1976,Non-fiction,Netherlands Antilles,Italian,978-1-292-33216-1
Interesting less lawyer know.,Joshua Thomas,2004,Thriller,Bahamas,German,978-0-7381-6001-6
In.,Brian Merritt,2001,Mystery,Madagascar,Japanese,978-1-929617-77-7
Listen college.,Steven Michael,2011,Fantasy,Saint Barthelemy,French,978-0-395-07330-8
Indicate black.,Christopher Guzman,1980,Fiction,Tuvalu,English,978-1-5186-9825-5
Try air allow dream.,Don Ball,1987,Romance,Czech Republic,Italian,978-1-331-01415-7
Again.,Bradley Jones,1982,Romance,United States Minor Outlying Islands,Japanese,978-0-693-86265-9
World summer.,Bobby Thomas,2020,Fiction,San Marino,Spanish,978-0-905277-64-6
Network your.,Kelly Nguyen,1987,Biography,Togo,Italian,978-0-917017-62-9
Card break.,William Shelton,1940,Biography,Colombia,English,978-0-246-16633-3
Along involve lot.,Angela Jordan,1978,Fantasy,Bhutan,German,978-0-908932-29-0
Ability detail.,Nicholas Burns,1984,Thriller,Georgia,English,978-1-350-83538-2
About offer interview degree.,Dr. Jose Garcia,2015,Non-fiction,Saint Pierre and Miquelon,Spanish,978-0-499-26505-0
Begin firm nearly.,Roger Davidson,1961,Non-fiction,Austria,Spanish,978-0-7284-0114-3
Rest learn.,Joseph Smith,1922,Thriller,Mauritania,Japanese,978-1-86635-848-1
Prevent adult cost.,Jeffrey King,1905,Biography,Saint Vincent and the Grenadines,Italian,978-1-81317-008-1
Suggest spring.,Tina Mitchell,1902,Non-fiction,Jordan,Italian,978-1-06-039524-4
Rate manage beyond.,Amanda Reese,1960,Fantasy,Nigeria,Japanese,978-1-72913-177-0
Rich everybody.,Frank Martinez,1989,Fiction,Vietnam,English,978-1-86118-774-1
Before public common.,Tyler Hawkins,2017,Sci-Fi,San Marino,French,978-0-617-42368-3
Budget ready interest.,Mark Brown,1971,Non-fiction,Vietnam,Japanese,978-0-8440-1898-0
Traditional end.,Allen Cervantes,1980,Romance,Uruguay,Russian,978-0-619-97227-1
Treatment box drug.,Richard Alvarado Jr.,1975,Thriller,India,Japanese,978-1-871318-65-4
Very.,Sabrina Stanley,1986,Biography,Uganda,Chinese,978-0-07-108222-8
Consider six short.,James Marsh,1909,Romance,Norfolk Island,English,978-1-65965-626-8
Knowledge talk best.,Jesus Hill,1908,Biography,Bangladesh,Chinese,978-1-946563-69-9
Time book.,Luis Moss,1925,Biography,Djibouti,Italian,978-1-4639-2811-7
Create value.,Joshua Johnson,1932,Sci-Fi,Western Sahara,Italian,978-0-201-12978-6
Decision base.,Devon Mosley,1964,Thriller,France,German,978-1-137-52034-0
Someone firm.,Brandon Medina,1956,Mystery,Madagascar,English,978-0-309-79024-6
Field though change.,John Mitchell,2001,Romance,Togo,English,978-0-477-08694-3
Very four decide.,Zoe Morris,2005,Non-fiction,Liechtenstein,German,978-1-887964-47-0
Situation important second.,Mrs. Cassandra Kelly,1980,Romance,Zimbabwe,English,978-1-60612-719-3
Occur traditional sister.,Mark Cruz,2006,Fiction,Hungary,Chinese,978-1-262-99230-2
Explain serious.,Crystal Carrillo,2012,Fiction,South Georgia and the South Sandwich Islands,German,978-1-08-667757-7
Age number.,Angela Lang,1950,Non-fiction,Czech Republic,English,978-0-09-784468-8
Upon news these.,James Turner,1908,Thriller,Tonga,Japanese,978-0-8194-4276-5
Authority.,Kristi Woodard,1935,Sci-Fi,New Caledonia,Italian,978-0-07-245903-6
Film save building.,Lisa Pena,1959,Non-fiction,South Georgia and the South Sandwich Islands,French,978-0-418-42196-3
Situation power stop.,Debra Benjamin,2000,Romance,British Virgin Islands,Chinese,978-0-15-549742-9
Party tree name.,Lisa George,2021,Mystery,Belgium,Russian,978-0-7849-3228-5
Bad president white.,Joseph Williams,1979,Romance,Austria,Japanese,978-1-112-49836-7
Any country color.,Jill Conway,1967,Mystery,Venezuela,English,978-1-05-787970-2
Mean government president.,Patricia Cohen,1978,Fiction,Tunisia,Spanish,978-0-931436-69-7
Star specific air.,Carrie Williams,2010,Thriller,Moldova,Chinese,978-0-9544958-9-3
Issue send tonight.,Alison Bennett,1990,Romance,Latvia,Chinese,978-0-386-32360-3
Attack Mr remain.,April Smith,1920,Fantasy,Zimbabwe,English,978-1-56298-173-0
Role decide.,James Mccann,1987,Sci-Fi,Moldova,Japanese,978-0-473-90891-1
Create focus identify.,Joseph Bailey,2011,Fantasy,Aruba,Chinese,978-0-17-030891-5
Certainly serve north.,Lucas Li,1978,Mystery,Mongolia,Japanese,978-1-04-937249-5
Perhaps loss artist probably.,Jerry Sims,1967,Biography,Serbia,Spanish,978-1-912854-30-1
My in type campaign.,Brandon Smith,1981,Fiction,Lebanon,Chinese,978-1-953354-40-2
Eight billion.,Karen Adams,1916,Fiction,Gibraltar,English,978-0-7165-9354-6
Material experience.,Brittany Johnson,1971,Non-fiction,Bhutan,Chinese,978-1-4726-8951-1
Under low.,Carol Jones,1990,Thriller,Papua New Guinea,English,978-0-7908-0874-1
Upon meet order.,Amy Lamb,1993,Romance,Timor-Leste,Russian,978-0-07-527808-5
Pass whose yeah air.,Annette Brandt,1996,Fantasy,France,Chinese,978-0-7230-2147-6
Guess improve task.,Dr. Kevin Griffin,2005,Non-fiction,Slovenia,Italian,978-1-78814-246-5
Eye imagine create.,Jeffrey Simmons,1903,Fiction,Monaco,Italian,978-1-202-87579-5
Consider administration theory.,Jason Williams,1902,Sci-Fi,Russian Federation,French,978-0-89243-417-6
Imagine per.,Daniel Thompson,1994,Thriller,Nicaragua,French,978-1-75521-465-2
Whose area up.,Devin Jordan,1999,Non-fiction,Cambodia,French,978-0-7035-5676-9
Voice show.,Melissa Johnson,2016,Fiction,Korea,Chinese,978-0-270-79693-3
Or direction.,Christopher Daniels,2014,Sci-Fi,Gambia,Japanese,978-1-899457-07-6
Tv campaign.,Tonya Schmidt MD,1977,Mystery,Anguilla,English,978-0-9905680-8-7
Run left may.,Gwendolyn Ross,2010,Sci-Fi,Tuvalu,Chinese,978-1-77101-463-2
Final.,Mr. Matthew Blake,1936,Biography,Armenia,Japanese,978-1-967251-70-4
Account though.,Diane Liu,1964,Fantasy,United Kingdom,German,978-0-85531-402-6
West simple business.,John Sanders,2006,Non-fiction,Congo,Italian,978-1-4666-5316-0
Instead suffer game.,Dakota Mcdonald,1986,Fiction,Solomon Islands,Chinese,978-0-493-07471-9
Drive she.,Nicole Smith,1929,Sci-Fi,Dominican Republic,Chinese,978-1-892676-79-5
Article specific.,Anna Casey,1971,Mystery,Eritrea,English,978-0-328-36371-1
Themselves order.,Sherry Anderson,1936,Non-fiction,Panama,French,978-0-691-65635-9
Stuff road.,Joe Jenkins,1926,Fiction,Romania,English,978-0-499-31788-9
Discover perform cell grow.,Debra Cox,1906,Non-fiction,Turkey,Russian,978-1-08-052817-2
Rich economic.,Douglas Higgins,1986,Fiction,Suriname,Spanish,978-0-9603110-3-3
Institution responsibility.,Rhonda Rodriguez,1990,Non-fiction,Saint Helena,German,978-0-473-57367-6
Require.,Linda Evans,1906,Romance,India,French,978-0-7837-1296-3
Well use stop.,Marie Sloan,2008,Mystery,Panama,Italian,978-1-220-89012-1
Along member here.,Erica Freeman,2015,Romance,New Zealand,Italian,978-0-19-224450-5
Look wonder mention.,Allison Lane,1912,Mystery,Chad,Spanish,978-0-13-263109-9
Mrs trial dream.,Linda Peterson,2000,Mystery,Malta,English,978-0-11-045564-8
Child value.,Misty Cox,1926,Sci-Fi,Portugal,German,978-0-928630-17-6
Senior follow.,Paige Ortiz,1938,Sci-Fi,Netherlands Antilles,Chinese,978-0-88310-092-9
Machine.,Crystal Mitchell,1921,Romance,French Southern Territories,English,978-0-11-008425-1
Board foot movement ok.,Ian Rowland,1960,Biography,Jamaica,English,978-1-135-99827-1
Foot address deep.,Jeremy Smith,1969,Thriller,Philippines,French,978-0-441-64717-0
Place coach.,David James,1902,Sci-Fi,Saint Lucia,German,978-1-61136-345-6
Adult consumer serve.,Michael Allison,1985,Sci-Fi,Marshall Islands,English,978-1-994028-08-9
Rock range.,Robin Johnson,1993,Non-fiction,Kazakhstan,English,978-0-06-853596-6
My successful I.,Teresa Morgan,1999,Fiction,Romania,French,978-0-460-41009-0
Painting administration shake.,Shannon Miller,1921,Fantasy,Nigeria,Japanese,978-1-60298-403-5
Often condition political.,Brad Weaver,1961,Fantasy,Palestinian Territory,English,978-0-338-79691-2
Various growth candidate easy.,Matthew Taylor,1961,Thriller,Honduras,Japanese,978-1-04-232212-1
Raise space specific.,Shawn Jennings,1901,Thriller,Namibia,Spanish,978-0-590-71295-8
Voice.,Joshua Marshall,1911,Mystery,Hong Kong,Italian,978-1-72556-872-3
Little high fear.,Lisa Garcia,1994,Biography,Saint Vincent and the Grenadines,Chinese,978-1-920673-76-5
Begin law act.,Kenneth Reyes,2005,Non-fiction,Somalia,French,978-0-7498-9770-3
Degree.,Sarah Burton,1986,Non-fiction,Palestinian Territory,English,978-1-4181-7840-6
Imagine remember kind.,Sheila White,1996,Biography,Cameroon,Italian,978-1-4591-6042-2
Citizen approach.,Alan James,1903,Sci-Fi,Nauru,Italian,978-1-4882-5015-6
Career send.,Robert Smith,1968,Thriller,Saint Helena,Japanese,978-0-15-759998-5
Million appear and.,Samuel Guerrero,1901,Mystery,Belize,French,978-0-16-821406-8
Try continue above.,Tina Dyer,2013,Sci-Fi,Finland,Spanish,978-0-8339-6883-8
Real drug.,Catherine Jordan,1982,Fiction,Poland,Italian,978-0-01-900304-9
Year someone leg.,Rick Diaz,1966,Mystery,Sierra Leone,French,978-0-902552-48-7
Leg good approach.,Jason Miller,1968,Thriller,Hong Kong,French,978-1-71557-948-7
Music.,Ashley Petersen,1946,Fiction,Burundi,Italian,978-0-89507-998-5
Soldier family send.,Elizabeth Barron,1986,Romance,Iraq,Chinese,978-0-14-553264-2
Candidate page.,Andrea Lewis,1980,Sci-Fi,Finland,Italian,978-0-12-475471-3
Bit science.,Molly Vega,2004,Fantasy,Zimbabwe,English,978-0-226-93972-8
Other civil boy.,Melissa Alvarez DVM,1945,Romance,Macao,Japanese,978-0-661-72073-8
Less by.,Ashley Ortega,1953,Fantasy,Luxembourg,Italian,978-1-83496-609-0
Decision sell.,Thomas English,1986,Fantasy,Gambia,English,978-0-263-96392-2
Deep standard blood.,Chad Knapp MD,1952,Fiction,Martinique,French,978-0-7302-3364-0
Coach a management.,Patrick Miller,1933,Non-fiction,Uganda,French,978-1-04-040361-7
Second enough young.,Brian Payne,1931,Thriller,Turkmenistan,Spanish,978-0-374-67920-0
Type news.,Laura Peters,1967,Biography,Gibraltar,Spanish,978-0-669-99972-3
Glass design.,April Aguilar,2000,Fantasy,Russian Federation,French,978-0-213-16767-7
Never.,Ryan Lara,2007,Fiction,Fiji,English,978-0-8313-5641-5
Heavy up account care.,Eugene Higgins,2007,Mystery,Bosnia and Herzegovina,Russian,978-1-102-86775-3
Professor long.,Mackenzie Daniels,2012,Non-fiction,Macedonia,English,978-0-234-64962-6
Better her.,Norma Williams,1999,Romance,Libyan Arab Jamahiriya,French,978-0-9684239-2-9
Class party.,Monica Gomez,1928,Fiction,Italy,English,978-1-04-562015-6
Building strong.,Lisa Pham,1948,Thriller,Algeria,English,978-1-341-56662-2
Central happy.,Samantha Thomas,1990,Mystery,Tunisia,French,978-0-583-53315-7
Push leave.,Steven Avila,1994,Sci-Fi,Saint Barthelemy,Japanese,978-1-4205-2922-7
They create.,Julie Ortiz,1988,Non-fiction,Sweden,Chinese,978-0-235-23907-9
Information full.,Brent Lane DVM,1951,Fiction,Serbia,Japanese,978-0-625-43285-1
Meeting cell evening.,Brian Garcia,2015,Mystery,Pitcairn Islands,Japanese,978-1-290-78584-6
Join return.,Rodney White,1966,Mystery,Vanuatu,Japanese,978-1-04-214969-8
Particularly.,Amanda Watkins MD,1990,Non-fiction,French Guiana,Spanish,978-1-167-07813-2
In natural fish.,Sonya Harris,2000,Fiction,Central African Republic,Chinese,978-1-5069-7505-4
Common dog.,Joshua Nicholson,1921,Fiction,Ireland,French,978-0-244-15644-2
Someone work.,Lori Porter,1937,Biography,Norfolk Island,Spanish,978-0-409-09929-4
Three.,Angela Thornton,1991,Sci-Fi,Central African Republic,Russian,978-1-62737-885-7
Through upon kid.,Robert Tucker,1975,Fiction,Central African Republic,Japanese,978-0-8274-4550-5
Arrive.,Shawn Sanchez,1973,Biography,Barbados,Japanese,978-1-4430-0465-7
Woman card.,Mary Flores,1942,Romance,Bhutan,Russian,978-1-387-58658-5
Beautiful cause.,Charles Carrillo,1930,Sci-Fi,Norway,French,978-1-7336011-8-4
Necessary politics time.,David Guerrero,1939,Sci-Fi,Sweden,French,978-0-625-05814-3
Camera action.,Holly French,1989,Non-fiction,Ukraine,English,978-1-78507-883-5
Very sense.,Elizabeth Cochran,1911,Thriller,Montenegro,German,978-1-954949-30-0
Nation again.,Jennifer Costa,1938,Biography,Montserrat,Russian,978-0-19-037087-9
Spend base.,Debbie Williams,2016,Sci-Fi,Chile,French,978-1-4243-1366-2
Issue option off.,Sandra Kelly,1992,Fantasy,Maldives,Chinese,978-0-214-96841-9
Enter man.,Jessica Green,1937,Fiction,Holy See (Vatican City State),French,978-0-19-750353-9
Product.,Susan Hernandez,2021,Fiction,Western Sahara,Chinese,978-0-7801-7349-1
Expect street.,Gary Bishop,1994,Mystery,Finland,Japanese,978-1-00-843391-5
Might official.,Mitchell Douglas,1939,Non-fiction,Morocco,Spanish,978-1-907550-76-8
Everything.,Mr. Stephen Murray,1947,Romance,Bolivia,Spanish,978-1-933153-66-7
Certain trip hotel.,Kevin Frank,1920,Fantasy,Marshall Islands,Japanese,978-1-5007-3949-2
Appear whether.,Trevor Harvey,1948,Mystery,Indonesia,Russian,978-1-83338-547-2
Movie score.,Juan Reed,1907,Thriller,Guinea,Japanese,978-0-8232-1780-9
Necessary.,Cameron Schwartz,1936,Non-fiction,Bolivia,French,978-0-04-377498-4
Eye process level.,Daniel Bryant,1955,Sci-Fi,Congo,Japanese,978-1-170-26562-8
Rate manage.,Andrea Clayton,1939,Mystery,Antigua and Barbuda,Russian,978-0-529-96779-4
Production wrong.,Jerry Rodriguez,1952,Mystery,Samoa,Chinese,978-1-5496-5240-0
Right past.,Stephanie West,1998,Non-fiction,Reunion,Chinese,978-1-912539-74-1
Study bank.,Joseph White,1973,Mystery,Antigua and Barbuda,English,978-0-8416-5509-6
Step three base.,Mr. Bryan Preston,2012,Fiction,Brazil,German,978-0-928640-64-9
Month drop.,David Brown,1957,Sci-Fi,South Georgia and the South Sandwich Islands,English,978-1-9870-3570-4
Party all enter.,Joshua Anderson,1954,Romance,Ghana,Chinese,978-0-9627386-1-6
Film reveal so choice.,David Garza,1948,Biography,Guatemala,German,978-0-557-02822-1
Offer.,Christopher Wilkins,1992,Biography,Austria,Italian,978-0-694-85900-9
Star style trade.,Mary Reynolds,1923,Biography,Zambia,French,978-0-389-74142-8
Seem food.,Jordan Tucker,1909,Thriller,Bosnia and Herzegovina,English,978-0-489-74860-0
Receive with rich forget.,Wanda Lewis,2023,Fiction,Cote d'Ivoire,French,978-0-86522-043-0
Congress believe.,Mark Williams,1909,Non-fiction,Germany,German,978-0-269-11153-2
Use music.,Steven Parker,1964,Thriller,Antigua and Barbuda,French,978-1-77902-695-8
Mr make improve.,Stacey Martinez,2006,Fiction,New Zealand,German,978-1-02-470232-3
Executive.,Patrick Haley,1985,Fantasy,Kuwait,French,978-0-8164-9593-1
Organization teach.,Michael Collier,1950,Romance,Korea,French,978-0-02-052850-0
Guess produce.,Heather Blair,1938,Fiction,Ireland,Spanish,978-0-344-43838-7
Determine author.,Donna Young,1971,Sci-Fi,Gibraltar,Italian,978-0-08-483539-2
Level his stand.,Madison Garcia,1973,Thriller,Puerto Rico,Spanish,978-0-00-633365-4
Law identify couple.,Veronica Bruce,2003,Romance,Nicaragua,Spanish,978-0-8117-3134-8
Son which.,James Stephens,1935,Mystery,Wallis and Futuna,French,978-0-411-53447-9
Off hair his.,Cathy Owen,1914,Thriller,Brunei Darussalam,Spanish,978-0-901211-14-9
Base million church.,Patricia Baird,1920,Fiction,Macao,Chinese,978-1-272-43007-8
Box yes computer.,Debra Miles,1901,Mystery,China,Spanish,978-1-906561-52-9
Close collection goal senior.,Michelle Clark,1997,Sci-Fi,Turkey,English,978-1-5480-6302-3
Station use.,Justin Daniels,1968,Fiction,Ghana,Chinese,978-1-898677-40-6
Provide course movie.,Trevor Green,1989,Non-fiction,Grenada,Chinese,978-1-913289-47-8
Look age.,Zachary West,1952,Sci-Fi,Saudi Arabia,Japanese,978-1-9842-6548-7
Suffer detail.,Rachel Wagner,1974,Non-fiction,Faroe Islands,German,978-1-4803-7276-4
Religious subject.,Rebecca Bradford,1926,Biography,Niue,Japanese,978-1-06-877215-3
Executive account manage.,Rebecca Lee,2016,Romance,Samoa,Italian,978-0-531-41337-1
Discuss animal.,Mindy Oneal,1941,Romance,Tuvalu,Italian,978-0-85689-133-5
Magazine economic long.,Sabrina Sims,1919,Romance,Equatorial Guinea,Italian,978-1-5193-9753-9
Fine woman range.,David Jordan,1968,Non-fiction,Guam,Spanish,978-1-61837-526-1
Set some process.,Jose Lee,1905,Biography,Thailand,German,978-0-7338-0175-4
Beyond thus dog tend.,Crystal Rush,1994,Mystery,Falkland Islands (Malvinas),Chinese,978-1-03-964881-4
Physical he.,Angela Christian,1941,Fantasy,Saint Martin,Chinese,978-0-505-73223-1
Herself whose lead.,James Flynn,1948,Sci-Fi,Jordan,Russian,978-1-211-47131-5
Social.,Levi Gutierrez,1914,Sci-Fi,Northern Mariana Islands,German,978-0-625-42239-5
Entire gas.,Tracy Jackson,1901,Biography,Guinea-Bissau,French,978-0-7105-8807-4
Community strategy.,Joseph Franklin,1908,Thriller,Egypt,Spanish,978-1-4080-3346-3
Situation available.,Jim Compton,1930,Fantasy,Fiji,Spanish,978-1-08-842645-6
Executive address painting.,Charles Beck,1915,Fantasy,South Africa,French,978-1-386-68335-3
Really represent.,Amy Henderson,1928,Sci-Fi,Iran,Russian,978-1-905084-15-9
Artist right yes.,Terry Lynch,1944,Sci-Fi,Oman,Chinese,978-0-569-63778-7
Safe seat tough.,Kenneth Thomas,1978,Biography,Antarctica (the territory South of 60 deg S),Japanese,978-1-78565-635-4
Field outside daughter.,Paul Coleman,1957,Biography,Sao Tome and Principe,Chinese,978-0-9596354-2-3
Real positive dog.,Allen Villegas,1986,Sci-Fi,India,Chinese,978-1-110-94242-8
Yourself director strategy.,Marcus Brown,1940,Fantasy,Micronesia,English,978-1-211-81877-6
Alone hand thing.,Carrie Ross,2016,Non-fiction,Serbia,Spanish,978-0-297-06171-7
Shake population.,Brenda Davis,1946,Non-fiction,Papua New Guinea,Russian,978-0-621-94409-9
Argue doctor.,Earl Moore,1906,Non-fiction,Kiribati,Italian,978-1-08-419518-9
Wide song.,Jeanette Johnson,1985,Fantasy,Djibouti,French,978-1-4335-9490-8
Best nor teach kitchen.,Jay Johnson,1902,Biography,Madagascar,English,978-1-302-20095-4
Speak join.,Brandi Brown,1900,Sci-Fi,Sweden,Italian,978-1-332-62552-9
In pattern crime.,David Gomez,1966,Thriller,Jamaica,Russian,978-1-932826-25-8
Order subject home appear.,Amy White,2000,Romance,Montserrat,Japanese,978-1-77574-214-2
Rock its.,Amanda Garcia,1922,Romance,Russian Federation,German,978-1-947877-19-1
Community produce.,Tracey Chambers,1921,Non-fiction,Mayotte,Chinese,978-1-245-20884-0
Yes.,Erika Thomas,2016,Sci-Fi,Gambia,German,978-0-451-54008-9
Anything plan no.,Jeffrey Sexton,1972,Sci-Fi,Ghana,Japanese,978-0-01-881513-1
Guess summer particular.,Hayley Rodriguez,1905,Sci-Fi,Canada,French,978-1-183-31412-2
Rise myself.,Jessica Price,1971,Fiction,Brazil,Japanese,978-0-482-78010-2
Sea.,Lisa Diaz,1935,Fantasy,Venezuela,Chinese,978-1-86874-162-5
Mean far know.,James Clark,1902,Fantasy,Algeria,German,978-1-918764-82-6
Guy figure.,Shawna Fuller,1966,Non-fiction,Poland,Chinese,978-1-282-66056-4
Out carry center.,Erica Sanders,1979,Thriller,Cameroon,Italian,978-0-626-43105-1
Until play.,Erika Young,1931,Non-fiction,Poland,Italian,978-0-7957-4112-8
Move military.,Tony Riley,1914,Fiction,Denmark,Spanish,978-1-166-47767-7
Nearly early.,Sarah Johnson,1933,Fantasy,Cyprus,Italian,978-0-628-10583-7
Hear air operation.,Walter Lewis,1952,Biography,Puerto Rico,Japanese,978-1-941713-46-4
List sport people.,Natalie Vasquez,1995,Romance,Romania,Spanish,978-0-7611-3858-7
Let hot.,Travis Allen,1982,Fiction,Kenya,Japanese,978-1-353-81091-1
Miss common yeah.,Mackenzie Hicks,2003,Fiction,Romania,French,978-1-178-13414-8
Economic mission they.,Bryan Sanders,1959,Sci-Fi,Jersey,Chinese,978-1-83315-295-1
Several too movement.,Mrs. Angela Ford DDS,1953,Fiction,Korea,English,978-0-7401-7326-4
Bring end anything understand.,Connor Gomez,2022,Fantasy,Kyrgyz Republic,Chinese,978-0-251-19448-2
Blood fall no.,Heather Hernandez,1989,Biography,Slovenia,French,978-1-5369-7881-0
Check behind.,Taylor Coleman,1964,Non-fiction,Bulgaria,Russian,978-1-86927-302-6
Source way site.,Julie Curry,2012,Biography,Oman,Spanish,978-0-85030-240-0
Exactly car.,Roger Reed,2005,Thriller,United States Virgin Islands,Russian,978-1-4430-0258-5
Dark discover.,Samuel Gross,1971,Thriller,Togo,German,978-1-7363360-8-3
Money produce maybe.,Stephen Holmes,1945,Biography,France,Russian,978-1-77453-669-8
Particular energy.,Joseph Hernandez,1968,Mystery,Pitcairn Islands,Japanese,978-1-263-63601-4
Fish.,Terry Solomon,1957,Biography,Wallis and Futuna,Chinese,978-0-694-08097-7
Food among.,Steven Marshall,1935,Sci-Fi,Hong Kong,German,978-0-549-52596-7
Occur draw board.,Justin Hunter,1995,Romance,Cook Islands,Italian,978-1-9992729-1-3
No first Congress.,David Kelly,1949,Thriller,Saint Lucia,English,978-1-58778-382-1
Particular finally.,Charles Adams,2002,Biography,Hungary,English,978-1-4217-8643-8
Instead half.,Lisa Cooper,1944,Fantasy,Hungary,Russian,978-1-05-935615-7
Book as care.,John Davis,1960,Sci-Fi,Sri Lanka,Italian,978-1-74110-663-3
Specific east.,Frederick Daniel,1968,Non-fiction,Singapore,Japanese,978-0-9654468-1-5
General international never.,Joshua Harvey,1994,Sci-Fi,Turkmenistan,Italian,978-1-872789-18-7
Much away.,Martha Richardson,1956,Sci-Fi,Italy,Spanish,978-1-262-26262-7
Budget before face.,Emily Castro,1924,Romance,British Virgin Islands,Italian,978-1-131-44925-8
Summer sing executive might.,Daniel Austin,1998,Romance,United States Minor Outlying Islands,French,978-0-403-86160-6
Appear worker.,Jennifer Villanueva,1937,Thriller,Switzerland,Chinese,978-1-58904-143-1
Public structure adult.,Benjamin Finley,2001,Sci-Fi,Antigua and Barbuda,Chinese,978-0-584-07115-3
One thing.,Daniel Lopez,2010,Fantasy,Gabon,French,978-0-7383-0043-6
Make trial manager any.,Tanya Hernandez,1922,Mystery,Cuba,French,978-0-668-51644-0
Rise data.,Amber Archer,1979,Fantasy,Syrian Arab Republic,Italian,978-1-67966-850-0
Anything country rich.,Karen Graham,1967,Sci-Fi,Cape Verde,Chinese,978-0-634-77803-2
Sell industry hotel.,Brian Johnson,1950,Fiction,Jordan,German,978-0-399-54278-7
Project organization economic.,Michael Austin,1940,Mystery,Saint Vincent and the Grenadines,Spanish,978-0-406-27656-8
Enter as of.,Heather Walters,1929,Romance,Benin,Spanish,978-1-303-17718-7
Yard.,Shelley Bryan,1925,Biography,Yemen,French,978-1-07-633788-7
International send.,Nathaniel Bennett,1932,Biography,Monaco,German,978-0-373-84064-9
Meet head along discuss.,Alex Cruz,2002,Mystery,Svalbard & Jan Mayen Islands,German,978-1-952683-89-3
Relationship miss case.,Allen Byrd,2012,Mystery,Cocos (Keeling) Islands,Italian,978-1-290-82164-3
Technology yard return.,Crystal Johnson,1994,Biography,Panama,Spanish,978-0-393-18204-0
Generation land task yes.,Tiffany Clark,1985,Mystery,Tanzania,German,978-0-580-52342-7
Child.,Corey Robertson,2014,Thriller,Cuba,Russian,978-0-623-78180-7
Real cell interesting.,Renee Butler,1994,Mystery,Kyrgyz Republic,Spanish,978-0-18-092627-7
Daughter similar expert.,Lisa Christensen,2016,Fantasy,Holy See (Vatican City State),English,978-0-08-087154-7
Field treatment both.,Hannah Ruiz,1951,Non-fiction,Singapore,Italian,978-0-9948137-0-1
Car alone.,Rachel Mitchell DVM,1933,Fiction,Saudi Arabia,Japanese,978-0-409-01709-0
Ability know.,William Butler,1916,Biography,Togo,Chinese,978-1-64794-913-6
According star.,Juan Norton,2021,Non-fiction,French Guiana,French,978-1-77468-191-6
Worry strong bit wide.,Adam Cruz,1949,Non-fiction,Norway,Chinese,978-1-69837-532-8
Of face between which.,Ashley Olsen,2015,Thriller,Bahamas,Spanish,978-0-9716758-1-0
Political before particularly.,Jeanne Melton,1917,Non-fiction,Cocos (Keeling) Islands,Chinese,978-0-479-15650-7
Through everyone mean.,Leah Hampton,2015,Mystery,Georgia,Russian,978-1-5305-9806-9
Method whom whole under.,David Hubbard,2002,Romance,South Africa,Chinese,978-0-8206-4656-5
Job.,Patrick Carson,1985,Fiction,Samoa,German,978-0-16-058051-2
Summer box type.,Gary Ramos,1951,Fiction,Samoa,English,978-1-00-795656-9
Enter follow coach.,Erica Murphy,1914,Sci-Fi,Saudi Arabia,Chinese,978-1-386-21287-4
Trip gas end.,Brent Jackson,1904,Non-fiction,Paraguay,Chinese,978-1-255-09648-2
Whole size image.,Tami Chung,1953,Romance,Costa Rica,Japanese,978-1-78445-075-5
Course see style.,Kelly Little,2022,Fantasy,United Kingdom,French,978-1-4058-6356-8
Lay move visit.,Taylor Lee,1903,Fantasy,Belize,French,978-0-461-15893-9
Child draw from.,Kristen Foster,1971,Romance,Ghana,German,978-1-279-87529-2
Green style south.,Derek Hale,1943,Fantasy,Iraq,Spanish,978-1-60097-482-3
Peace newspaper dark.,Sandy Reed,2001,Biography,Germany,Italian,978-0-350-76862-1
Here level cell.,Morgan Graham,1939,Fantasy,Cocos (Keeling) Islands,German,978-1-133-46889-9
Value story.,Hannah Ray,1907,Fantasy,Central African Republic,Spanish,978-1-02-458524-7
Side those.,Dawn Watson,2020,Mystery,Luxembourg,English,978-0-227-52211-0
Season father along.,Kevin Norris,1973,Sci-Fi,Saint Lucia,Japanese,978-1-03-402692-1
Month campaign upon physical.,Jaime Valdez,1961,Biography,French Polynesia,Spanish,978-0-449-38635-4
Senior head sort understand.,Tyler Castillo,2013,Sci-Fi,Algeria,Japanese,978-1-326-41233-3
Owner write world.,Emily Smith,1962,Thriller,Equatorial Guinea,English,978-1-05-724203-2
Relationship onto participant.,Erin May,2018,Mystery,Qatar,Russian,978-0-01-588743-8
Carry.,Mary Perry,1929,Thriller,Korea,French,978-1-70489-589-5
Be better.,Jason Patterson,1931,Biography,Saint Helena,Spanish,978-0-250-37813-5
Nor term.,Ms. Dawn Sanchez,1943,Thriller,Tonga,Spanish,978-0-7310-9256-7
Stay see.,Michael King,1997,Non-fiction,South Africa,German,978-0-04-402045-5
Her both simple.,Albert Brooks,1907,Thriller,Ecuador,Japanese,978-0-219-86685-7
Bar position Mr.,Brian Reynolds,1996,Mystery,Korea,Japanese,978-0-8390-6414-5
Western kind.,Christopher King,1978,Non-fiction,French Guiana,Chinese,978-0-11-671050-5
Box relationship range forward.,Howard Flores,1981,Romance,Bahamas,Spanish,978-0-471-26942-7
Career lot indeed same.,Jenna Pacheco,1945,Non-fiction,Palau,Japanese,978-0-924432-88-0
Drug past family.,Tyler Pena,1941,Fiction,British Virgin Islands,Spanish,978-1-912543-19-9
We.,Derrick Hamilton,1904,Fantasy,Trinidad and Tobago,Russian,978-1-143-61601-3
Just question animal.,Monica Gould,1930,Fiction,Palau,German,978-1-9770-5473-9
Turn main.,Shannon Stewart,2001,Fantasy,Congo,Russian,978-1-77646-087-8
Reduce bill heavy.,Christopher Hamilton,1971,Thriller,Slovakia (Slovak Republic),English,978-1-4696-1200-3
Detail forward career.,Holly Lopez,1908,Mystery,Cook Islands,Japanese,978-1-67096-845-6
Seem week almost.,Miguel Graham,1900,Thriller,Australia,Italian,978-0-09-144917-9
Method Congress.,Kenneth Carrillo,1941,Biography,Latvia,Japanese,978-1-230-72803-2
Scientist better focus.,Marco White,1990,Thriller,Syrian Arab Republic,Spanish,978-1-930235-15-1
Including.,Robert Smith,1951,Fantasy,Cape Verde,Chinese,978-1-59097-262-5
Allow miss authority.,Sharon Taylor,1950,Fantasy,Uganda,Japanese,978-0-14-814816-1
Religious score matter.,Roger Daniels,2004,Fantasy,New Caledonia,Chinese,978-1-5278-4918-1
Change enter certain business.,Christopher Goodwin,1944,Mystery,Honduras,French,978-1-78457-176-4
Player race result.,David Jones,1966,Romance,Serbia,Italian,978-1-07-247525-5
Pick election.,Thomas Barber Jr.,1906,Biography,Papua New Guinea,Chinese,978-1-392-10446-0
Dark measure.,Megan Rodriguez,1915,Romance,Nigeria,Spanish,978-1-881801-32-0
Hair.,John Perez,1971,Sci-Fi,Liechtenstein,Japanese,978-1-238-41046-5
Then add commercial.,Brianna Fritz,2014,Non-fiction,United Kingdom,German,978-1-7334425-9-6
Hair mean.,Samantha Collins DDS,1912,Mystery,Bahrain,Italian,978-0-624-99577-7
Area poor.,Kelly Cross,1937,Biography,Niue,English,978-1-79290-069-3
Television would.,Jerry Macdonald,1911,Biography,Heard Island and McDonald Islands,Spanish,978-1-5145-0786-5
Government really field.,Kevin Black,1979,Thriller,Canada,Spanish,978-0-7060-5483-5
Language letter strategy.,Jason Foster,2021,Mystery,Japan,Spanish,978-0-694-67814-3
Skin action picture.,Carl Villanueva,1916,Fiction,Cameroon,German,978-1-5166-9421-1
The choice.,Nichole Brooks DDS,1975,Biography,Niger,English,978-0-925847-28-7
White need.,James Willis,1973,Non-fiction,Nigeria,French,978-0-16-866707-9
Support popular.,Eduardo Lee,2002,Sci-Fi,Saint Pierre and Miquelon,Italian,978-0-580-40616-4
Rise enjoy.,Ashley Miller,1969,Sci-Fi,Cook Islands,Russian,978-1-4401-5017-3
End.,Joshua Stevenson,2015,Biography,Bulgaria,Italian,978-0-7962-5287-6
Big more.,Emily Gomez,1916,Fiction,Mongolia,English,978-1-4656-2393-5
For country.,Patrick Franklin,1903,Non-fiction,New Caledonia,Spanish,978-1-254-62970-4
Keep.,Douglas Ferguson,1946,Biography,Aruba,French,978-1-124-57979-5
Price board.,Richard Knight,2011,Sci-Fi,Brazil,Italian,978-0-230-54187-0
Among choose law book.,Timothy Sutton,1903,Romance,Suriname,French,978-1-09-881759-6
Pass foot.,Karen York,2023,Romance,Belize,German,978-1-130-85764-1
Rule save.,Melissa Montgomery,1913,Thriller,Korea,Italian,978-0-7862-4112-5
Task with.,Jesse Franco,1983,Thriller,Lesotho,Chinese,978-0-9661786-3-0
Mind can high law.,Christy Lewis,2015,Sci-Fi,Serbia,Spanish,978-0-517-14989-8
Out court other.,Kimberly Flynn,1934,Romance,Eritrea,Chinese,978-1-71039-053-7
Never attorney huge.,Amber Jacobson,1912,Fantasy,Rwanda,Chinese,978-0-279-13817-8
Defense production.,Lindsay Price,1950,Romance,Belgium,Russian,978-1-924206-40-2
Ever I.,Tamara Smith,1921,Mystery,Panama,Russian,978-0-415-20120-9
Democrat black mother.,Stephanie Adams,1904,Biography,Cyprus,Spanish,978-1-76908-719-8
Sign Congress fast.,Olivia Cervantes,2007,Romance,Kuwait,Russian,978-1-59452-526-1
Scientist leave prove.,Rebecca Kent,1985,Mystery,Bosnia and Herzegovina,Italian,978-1-378-37301-9
Social available.,Scott Alvarado,1933,Fiction,Botswana,Chinese,978-0-454-76210-5
Policy account president.,Ellen Hart,1934,Mystery,Turkmenistan,German,978-1-63444-927-4
Soon resource use.,Ronald Holmes,1971,Sci-Fi,United Arab Emirates,Italian,978-0-2286-2858-3
For carry.,Derek Cook,1914,Non-fiction,Faroe Islands,Japanese,978-1-60815-128-8
Physical stock.,Patrick Robinson,1925,Romance,Algeria,German,978-1-371-45486-9
Game sure.,Anthony Nelson,1997,Biography,Saint Lucia,Japanese,978-0-9786666-5-1
Cold beat.,Brittany Rodriguez,1922,Romance,Norfolk Island,Chinese,978-1-5127-8637-8
Performance natural.,Julie Santiago,1963,Sci-Fi,Jersey,Spanish,978-1-69922-083-2
Very call nature.,Teresa Fisher,1982,Mystery,Slovakia (Slovak Republic),Japanese,978-1-56255-012-7
Effect very.,Carrie Perkins,2015,Biography,Lithuania,English,978-0-419-74665-2
American hope.,Brian Bass,2018,Biography,Afghanistan,Russian,978-0-633-98959-0
Little former computer decade.,Kristin Kennedy,1959,Mystery,Heard Island and McDonald Islands,Italian,978-0-682-84021-7
They budget.,Brittney Dudley,2015,Fantasy,Kuwait,Russian,978-0-18-190437-3
Boy need.,Gina Johnson,1953,Romance,Algeria,Chinese,978-1-57431-007-8
Table coach.,Monica Taylor,2017,Romance,Palestinian Territory,Japanese,978-0-16-012471-6
Sense.,Sarah Frazier,1917,Romance,Poland,Japanese,978-0-18-566204-0
A determine.,David Jefferson,1946,Fantasy,Nauru,German,978-1-107-22233-5
His effort what.,Taylor Walters,2009,Romance,Kuwait,German,978-1-117-07166-4
Deep.,Lindsey Price,1984,Thriller,Lebanon,Spanish,978-1-5026-5558-5
Those hotel.,Donald Smith,1929,Non-fiction,Canada,Russian,978-1-254-76106-0
Certain benefit soldier.,Kristin Barrett,2022,Romance,Guadeloupe,Italian,978-1-06-477553-0
Everybody political college skill.,Steven Johnson,1979,Non-fiction,Andorra,German,978-0-221-75781-5
Science seek.,Spencer Cox,1979,Romance,Zambia,Spanish,978-0-13-390372-0
Water social.,Joseph Dixon,1939,Biography,Sweden,English,978-0-7234-4682-8
Enjoy two throughout.,Thomas Aguirre,2008,Fantasy,Zambia,Chinese,978-0-314-57411-4
Live fund land.,Tina Clark,1904,Mystery,Brunei Darussalam,Chinese,978-0-411-10805-2
Individual country.,Carla Avila,1943,Thriller,Netherlands Antilles,Spanish,978-0-9633968-8-4
Whole.,John Banks,2017,Biography,Sudan,English,978-0-8234-3164-9
Explain.,Matthew Stephens,1949,Sci-Fi,Algeria,Spanish,978-0-7301-2698-0
Doctor assume already.,Todd Manning,1955,Fiction,Togo,Japanese,978-1-77262-042-9
Rule already.,Cynthia Ward,1993,Thriller,Egypt,Italian,978-0-915037-83-4
Kitchen style surface.,Cameron Myers,2009,Fiction,Niger,Chinese,978-1-04-491517-8
View.,Eric Figueroa,1952,Sci-Fi,Cyprus,English,978-1-364-83253-7
Democrat our education.,Derrick White,1969,Fiction,Djibouti,English,978-0-213-40999-9
Opportunity professor order.,Eric Nicholson,1976,Sci-Fi,Japan,English,978-0-7690-5782-8
Whatever professional.,Nathaniel Mccoy,2013,Non-fiction,Singapore,Russian,978-0-366-05122-9
Season call wall.,Gail Morgan,1937,Fiction,Austria,Italian,978-1-57551-627-1
Find million.,Kurt Thomas,2019,Fiction,Suriname,Russian,978-0-254-76204-6
Painting pressure.,Traci Anderson,1971,Biography,Moldova,German,978-1-69616-338-5
Wide art.,Michelle Swanson,1926,Romance,Turks and Caicos Islands,Spanish,978-1-155-21377-4
Operation property.,Brandon Thomas,1966,Fiction,Nicaragua,German,978-0-418-06676-8
Soldier.,Christian Mayo,2020,Fiction,Pakistan,English,978-0-907871-76-7
Kind discover.,Sean Wong,1994,Thriller,Iraq,Spanish,978-0-8446-0760-3
War.,Chad Garcia,2007,Sci-Fi,Slovenia,English,978-0-9612901-5-3
Nature realize.,Philip Gaines,2009,Thriller,Suriname,Italian,978-1-946975-72-0
Walk attack believe.,Crystal Arias,1989,Thriller,Kyrgyz Republic,Chinese,978-1-299-67075-4
Opportunity example attention.,Ricky Dunn,1983,Romance,Portugal,Chinese,978-1-5138-3221-0
Surface bad.,Paul Ramirez,1930,Biography,Tunisia,Japanese,978-1-5107-4531-5
Animal least.,Rachael Martin,1932,Romance,Algeria,Japanese,978-1-00-982140-7
South beyond hard.,Justin Parker,2006,Sci-Fi,Poland,Japanese,978-1-354-31358-9
Couple face best.,Kathleen Fuller,1909,Romance,Trinidad and Tobago,Japanese,978-0-02-078389-3
Institution parent.,Gabriel Diaz,1909,Sci-Fi,Denmark,French,978-0-7496-8214-9
Fight take church.,Arthur Fowler,2005,Non-fiction,Mozambique,English,978-1-878408-77-8
Voice smile box.,Tony Case,1917,Sci-Fi,Sri Lanka,German,978-1-954674-26-4
Heart various.,William Farrell,1903,Thriller,Kiribati,Russian,978-0-357-54421-1
Create conference follow.,Joseph Fleming,2013,Fiction,Tuvalu,English,978-0-13-604588-5
Stand exactly Democrat.,Maxwell Stuart,1968,Fiction,Costa Rica,French,978-0-644-45801-6
Health sound.,Aaron Jackson,1966,Fiction,Spain,Chinese,978-0-8134-6587-6
Doctor any receive.,Evan Hernandez,1953,Fantasy,Gabon,French,978-1-62673-150-9
Wrong music amount party.,Shannon Green,1990,Sci-Fi,Guernsey,Spanish,978-1-371-06343-6
Support candidate majority.,Samantha Richardson,1974,Non-fiction,Korea,Japanese,978-1-366-19196-0
Direction visit indeed.,Thomas Chaney,2023,Romance,Jamaica,Spanish,978-1-150-55667-8
Choose month city.,Jessica Wolf,1931,Fiction,Cook Islands,Spanish,978-1-363-74187-8
Cut thank try.,Christopher Whitaker,1999,Fiction,Western Sahara,Chinese,978-0-927316-84-2
Contain task indeed property.,Brianna Jackson,1973,Mystery,Peru,German,978-1-00-726243-1
But natural agreement.,Joseph George,2006,Mystery,Comoros,Russian,978-0-256-18751-9
Ask defense.,Veronica Hampton,2011,Mystery,Czech Republic,English,978-1-269-75113-1
Apply firm.,Heather Maldonado,1911,Romance,Malawi,Spanish,978-1-102-27358-5
Television scene.,Audrey Johnson,1937,Romance,Saint Barthelemy,Italian,978-0-07-516190-5
Morning remain believe.,Brenda Graham,1907,Biography,Ghana,Russian,978-1-205-24226-6
Mind prevent box.,Michael Bailey,1918,Thriller,Anguilla,Italian,978-0-621-10984-9
Arrive her south all.,William Cannon,1918,Non-fiction,Lao People's Democratic Republic,Spanish,978-0-627-27952-2
But environment enjoy something.,Denise Simpson,1946,Sci-Fi,Iceland,Chinese,978-0-03-673950-1
Threat card.,Mrs. Angela Hunter,1983,Mystery,China,English,978-0-9790939-6-8
Reason imagine machine.,Tanya Wood,1919,Sci-Fi,Bouvet Island (Bouvetoya),Spanish,978-1-64986-061-3
News hour source.,Reginald Acosta,1990,Thriller,Lebanon,Italian,978-1-4407-6975-7
Player end range.,Angel Flores,2019,Romance,Suriname,Russian,978-1-4259-0734-1
Area.,Michael Farmer,1939,Sci-Fi,Angola,Japanese,978-0-7804-8665-2
Throw central less.,Rebekah Hicks,2018,Biography,Bhutan,Russian,978-0-19-771571-0
Attack class myself.,Angela Jones,2019,Thriller,France,Japanese,978-1-4017-4640-7
Reach Democrat research.,Kenneth Mitchell,1943,Mystery,Congo,Italian,978-1-883997-50-2
Operation begin.,Valerie Aguirre,1978,Mystery,Malta,German,978-0-16-519533-9
Water actually.,Krystal Bradley,1907,Mystery,Grenada,English,978-0-8096-1361-8
Occur receive.,Catherine Hernandez,1974,Romance,Bulgaria,Russian,978-1-57929-457-1
Prove first.,Kara Fowler,1904,Sci-Fi,Montenegro,French,978-1-162-47676-6
Evidence catch score.,Justin Johnson,1945,Fiction,Saint Lucia,Japanese,978-0-06-523486-2
Sing wide successful.,Cody Clark,1933,Thriller,Portugal,Russian,978-1-4142-5592-7
Response want.,Robert Thompson,1979,Romance,Bouvet Island (Bouvetoya),Italian,978-0-333-91054-2
Human enter seem.,Daniel Fisher,1993,Biography,Senegal,Japanese,978-1-5383-9024-5
Should dinner hotel.,Daniel Brown MD,1964,Non-fiction,Comoros,German,978-0-936228-73-0
May attack past.,Lucas Baker,1961,Thriller,Canada,English,978-0-517-01844-6
Although Republican dark.,John Ramos,1900,Biography,United States Minor Outlying Islands,Spanish,978-0-264-64358-8
Suggest notice.,Eric James,1930,Non-fiction,Bouvet Island (Bouvetoya),French,978-1-5129-0666-0
Card data organization you.,Kelly Perry,1988,Romance,Mayotte,French,978-0-604-96884-5
Enter see.,Stanley Baldwin,1977,Romance,Lebanon,French,978-0-658-10526-5
Statement.,Michael Frazier,2022,Sci-Fi,Nauru,French,978-0-405-32697-4
Beyond.,Daniel Bird,1919,Romance,Hungary,English,978-0-9869572-6-0
Heavy others strong.,Christina Schwartz,2023,Biography,Djibouti,Japanese,978-0-909340-55-1
Remember watch run.,Carla Juarez,1977,Romance,Ethiopia,German,978-1-4949-2318-1
Eight plan employee.,Patricia Hammond,1992,Thriller,Georgia,French,978-0-295-04263-3
Realize third.,David Anderson,1933,Sci-Fi,Slovakia (Slovak Republic),Russian,978-0-04-776523-0
Letter election.,Alan Young,2016,Fantasy,Indonesia,Russian,978-1-381-72706-9
As drug.,Rebecca Craig,1929,Fiction,Timor-Leste,Chinese,978-0-650-46308-0
Always five.,Calvin Lyons,1979,Fiction,Turks and Caicos Islands,Italian,978-1-68441-980-7
Factor agreement build.,Erika James,1972,Mystery,Saint Barthelemy,French,978-0-225-31957-6
Leave color drop expect.,Marvin Ruiz,1995,Non-fiction,American Samoa,German,978-1-63440-575-1
Before traditional.,William Wilson,1908,Fiction,Mauritius,English,978-0-644-91781-0
Turn data cut.,Craig Robinson,1978,Thriller,Uzbekistan,German,978-1-187-53214-0
Who structure far rather.,Todd Reilly,1936,Non-fiction,Jamaica,Italian,978-0-305-00095-0
Quickly travel road.,Richard Anderson,1940,Sci-Fi,Northern Mariana Islands,German,978-1-86907-929-1
Site.,Denise Mcneil,1957,Non-fiction,Australia,Chinese,978-1-945831-13-3
Walk.,Bradley Dominguez,1966,Fiction,American Samoa,Russian,978-1-03-012415-7
Radio throughout consider.,David Mann,2001,Non-fiction,Thailand,Russian,978-1-885117-17-5
Or safe adult.,Elizabeth Patel,1909,Non-fiction,Cook Islands,Japanese,978-0-345-35359-7
Room floor.,Michael Christensen,1921,Sci-Fi,Uzbekistan,Italian,978-0-12-588407-5
Save rest right.,Craig Mcfarland,1945,Non-fiction,Senegal,French,978-1-156-41454-5
Religious themselves mean.,Sandra Gordon,1924,Romance,Malta,German,978-1-83516-168-5
Check case.,Brian Schroeder,2000,Mystery,Pitcairn Islands,Chinese,978-1-4596-4373-4
According trouble.,William Scott,1920,Romance,Armenia,French,978-1-78447-075-3
Family though.,Michael Hernandez,2007,Mystery,Vietnam,Spanish,978-0-565-89259-3
Improve nothing.,Aaron Butler,1932,Sci-Fi,Dominica,French,978-1-952674-68-6
Perhaps candidate choice step.,Rebecca Brown,1973,Romance,Syrian Arab Republic,Russian,978-1-4353-9253-3
Less well.,Emily Jackson,1968,Non-fiction,Lao People's Democratic Republic,Spanish,978-0-7421-6936-4
Claim.,Christopher Cohen,1951,Fiction,Japan,Italian,978-1-350-76705-8
Available we.,Michael Hall,1921,Fantasy,Niger,Japanese,978-1-4054-1151-6
Author suddenly recently.,Christopher Miller,2018,Thriller,Guam,Japanese,978-1-368-22825-1
Party car.,Maria Keller,1957,Non-fiction,Saint Kitts and Nevis,English,978-1-185-45333-1
Store.,Christopher Salazar,1958,Romance,Gabon,Italian,978-1-74679-041-7
Skin should into.,Angela Brandt,1956,Fiction,Micronesia,Spanish,978-0-482-06212-3
Item leg.,Mary Rodriguez,2021,Fiction,Bosnia and Herzegovina,German,978-1-56713-570-1
World start.,Nicholas Owens,1989,Thriller,Vietnam,French,978-0-223-27733-5
Ago weight gun.,Timothy Campbell,2020,Romance,Philippines,Spanish,978-1-02-920515-7
Clearly soldier.,Elizabeth Mcguire,1969,Romance,Panama,German,978-0-17-080966-5
Either television hand.,Kevin Hill,1901,Sci-Fi,Malta,French,978-0-450-65375-9
Than sport.,Tina Weber,1906,Non-fiction,Guinea-Bissau,Japanese,978-1-62349-744-6
Find language move.,Daniel Patterson,1970,Non-fiction,Cambodia,Russian,978-0-01-320876-1
Quickly drop.,Courtney Kramer,2018,Fantasy,Taiwan,Japanese,978-0-08-640492-3
Know sit camera.,Paul Luna,1947,Mystery,Venezuela,Chinese,978-1-4297-4765-3
Decision worker send.,Tami Smith,1943,Biography,Samoa,Spanish,978-0-458-00318-1
Side.,Kylie Cannon,1904,Romance,Central African Republic,Chinese,978-0-11-754644-8
Prove firm seat.,Yolanda Garcia,1932,Mystery,Congo,Japanese,978-1-60833-403-2
Meeting skill have.,Christine Garcia,2014,Mystery,United States Virgin Islands,German,978-0-406-51676-3
Whole though support.,Zachary Smith,1934,Non-fiction,Bhutan,Italian,978-1-81366-445-0
Perhaps decide.,Robert Lowe,1936,Biography,Macao,German,978-0-586-47983-4
Late interview wide.,Frederick Ward,1917,Fiction,Oman,Italian,978-0-518-89241-0
Sense summer.,Stephanie Burton PhD,1908,Thriller,Oman,Chinese,978-1-55661-100-1
Third by though.,Chad Golden,1955,Fiction,Cocos (Keeling) Islands,Russian,978-1-916010-87-1
Exactly way.,Shelly Graham,1974,Sci-Fi,Jersey,Japanese,978-1-995863-13-9
Indeed else.,Hannah Tucker,2001,Romance,Andorra,Italian,978-1-5436-7556-6
Culture card whom.,Robert Hayes,1946,Romance,Moldova,Italian,978-0-8377-7049-9
Southern our together.,Charles Clark,1915,Mystery,United States Virgin Islands,Japanese,978-0-595-58725-4
Push people.,Adam Parker,2020,Mystery,Venezuela,Japanese,978-1-167-07609-1
Government style police.,Brianna Brennan,1907,Fantasy,Estonia,French,978-0-04-071743-4
Want rule dark.,Marvin Fisher,1992,Biography,Paraguay,Spanish,978-0-8497-4330-6
Upon pressure.,Kathy Snyder,1921,Biography,Uzbekistan,Russian,978-1-09-447966-8
Lawyer school.,Kelly Diaz,1923,Fiction,Czech Republic,Russian,978-0-515-88319-0
Table write.,Jennifer Faulkner,1908,Fantasy,Algeria,Japanese,978-1-4156-1822-6
Soon voice.,Gregory Mitchell,1916,Non-fiction,Uganda,Spanish,978-1-71366-632-5
Understand range.,Michelle Oliver,1932,Fantasy,Dominican Republic,Chinese,978-0-7174-5262-0
Claim also.,Allison Jackson,1918,Fiction,Micronesia,English,978-0-8268-7781-9
Generation.,Dr. Allison Hinton,1976,Fiction,Solomon Islands,Italian,978-0-926140-49-3
Across instead direction.,Cindy Cole,1932,Sci-Fi,British Virgin Islands,German,978-1-04-056818-7
Store image song.,Julie Burgess,1986,Mystery,Georgia,Italian,978-1-968636-95-1
Action least.,Zachary Riddle,2022,Fantasy,Macao,Spanish,978-1-4314-7088-4
Media computer.,Mr. Nicholas Davenport,1963,Fiction,Tajikistan,French,978-0-03-683084-0
Occur notice answer.,Ashley Castro,2014,Romance,Gibraltar,Italian,978-1-284-28271-9
Reduce left.,Valerie Porter,2009,Non-fiction,Gibraltar,German,978-1-09-438634-8
It they.,Isaiah King,2004,Fiction,Cyprus,Japanese,978-1-142-84786-9
Response ten card.,James Brown,1902,Fantasy,Andorra,French,978-0-512-08050-9
Mean protect man.,Michelle Estrada,1995,Romance,Zimbabwe,Russian,978-0-919711-36-5
Success imagine term.,Kristin Reed,2000,Romance,Latvia,Italian,978-0-13-160450-6
No represent.,Tyler Hale,2009,Romance,Northern Mariana Islands,Italian,978-1-82617-404-5
While report.,Erin Sanchez,1950,Non-fiction,Denmark,English,978-0-8269-1948-9
Moment bed minute.,Bill Smith,1928,Sci-Fi,Costa Rica,Italian,978-0-933259-65-2
Eye approach TV.,Dan Medina,2020,Mystery,Turkey,Russian,978-1-03-115575-4
Onto social.,James Gates,1987,Biography,Papua New Guinea,Japanese,978-1-4383-8029-2
Likely wish arrive.,Kelly Bell,2021,Thriller,Lesotho,Russian,978-1-57312-196-5
Company three evening.,Jeffrey Buchanan,1961,Mystery,Turks and Caicos Islands,German,978-0-295-87950-5
Television board step.,George Chan,1981,Romance,United States Minor Outlying Islands,Japanese,978-0-9878883-5-8
Group true teacher.,Haley Gallegos,1921,Fiction,Australia,French,978-1-250-13130-0
Where success.,Vickie Gaines,2016,Fiction,Malaysia,Russian,978-1-02-336864-3
Position project total.,Jill Thompson,1911,Fantasy,Myanmar,French,978-1-75404-403-8
Community send would stage.,Nathan Mullen,1965,Fantasy,Vanuatu,Italian,978-0-8181-2927-8
Course west.,Sean Reynolds DDS,1999,Sci-Fi,Eritrea,French,978-1-879074-58-3
Tv book myself under.,Amanda Smith,1992,Thriller,Myanmar,English,978-1-221-52886-3
Nearly writer.,Michael Mcintosh,1928,Thriller,Greenland,Russian,978-0-304-58632-5
Seem Mr.,Katherine Ewing,1949,Mystery,Costa Rica,English,978-1-75435-168-6
Wish television.,Alicia Spencer,1983,Romance,United Arab Emirates,Spanish,978-0-280-32816-2
Provide young worry.,Charlene Zimmerman,1909,Sci-Fi,South Georgia and the South Sandwich Islands,Chinese,978-1-81529-647-5
Method evidence see.,Patricia Ray,2019,Romance,Somalia,Spanish,978-1-76710-367-8
Side tough even.,Jamie Young,2023,Romance,Germany,English,978-1-4918-3905-8
Forget seat decade.,Joseph Brown,1988,Romance,Guernsey,German,978-0-245-47510-8
Hospital argue her young.,Lisa Rhodes,1929,Thriller,Sierra Leone,Spanish,978-0-498-95491-7
Within cold mind.,Megan Fletcher,1951,Biography,Russian Federation,Russian,978-1-362-75132-8
Hope.,Christopher Dixon,1971,Romance,Lithuania,Spanish,978-1-60171-245-5
Affect shoulder place.,Sandra Kelley,1971,Biography,United States Virgin Islands,French,978-0-88835-725-0
System term.,Patrick Wells,1946,Romance,Norfolk Island,Chinese,978-1-119-54694-8
Nothing measure government.,Dr. Diana Hill,1963,Thriller,Armenia,Russian,978-0-204-66567-0
Course few others.,Pamela Evans,2014,Fiction,Palau,English,978-1-124-65025-8
She raise fall.,Julie Keith,1967,Fiction,Bolivia,German,978-1-61525-606-8
Address age finally.,Jennifer Brennan,2002,Fiction,Tunisia,Russian,978-1-5276-4406-9
Many as.,Stacey Bailey,1910,Thriller,Turks and Caicos Islands,Italian,978-1-55047-928-7
Too make.,Maria Hardin,2017,Mystery,Costa Rica,Chinese,978-0-689-99002-1
Four trade maintain son.,Brian Smith,1935,Biography,Jordan,English,978-1-988549-36-1
Store.,Justin Mcbride,1938,Non-fiction,Canada,German,978-0-610-12139-5
Above matter begin.,Alicia Mack,1963,Romance,Sao Tome and Principe,Japanese,978-1-9842-6912-6
Else contain.,Rebecca Thomas,1990,Mystery,Slovakia (Slovak Republic),French,978-0-349-40008-2
Last.,Joseph Valencia,1938,Mystery,Georgia,Russian,978-0-267-42555-6
End.,Reginald Williams,1958,Fantasy,Namibia,French,978-0-9514204-5-4
Next take star.,Rachel Nguyen,2016,Thriller,New Caledonia,Spanish,978-1-949897-33-3
Ball season prove.,Mark Jenkins,1991,Sci-Fi,Switzerland,Japanese,978-0-86142-514-3
Maintain task.,Christian Nash,1935,Sci-Fi,Cayman Islands,German,978-1-06-954361-5
Return today sit.,Cory Hunter,1947,Thriller,Congo,Chinese,978-1-137-07487-4
Fast the.,Robert Parker,1983,Non-fiction,Argentina,Russian,978-1-132-21448-0
Trial and.,Christine Wallace,1904,Romance,United Kingdom,English,978-1-261-26445-5
Seven better human.,Jeffrey Barker,1969,Non-fiction,Dominica,Japanese,978-0-7892-3148-2
Help owner.,Jonathan Moody,1935,Fantasy,Svalbard & Jan Mayen Islands,Japanese,978-0-637-66115-7
In pressure current.,Tina Nelson,1937,Mystery,Paraguay,German,978-1-4146-3860-7
Particularly forget cover.,Bruce Johnson,1931,Non-fiction,Nauru,German,978-0-17-305933-3
Marriage grow forward.,Donald Rose,1995,Thriller,United States of America,Japanese,978-0-8162-8627-0
Appear.,Stephen Burton,1937,Fiction,Canada,Italian,978-1-74446-579-9
Trip believe.,Candace Ramirez,1965,Mystery,Macao,Spanish,978-1-296-71331-7
Bring store.,Amy Scott,1994,Fiction,Uruguay,German,978-0-13-216676-8
Fast growth.,William Brown,1969,Fantasy,Zimbabwe,Russian,978-0-653-54161-7
Hard nothing.,Kevin Jackson,1976,Non-fiction,Germany,Japanese,978-0-440-64575-7
Building then both.,Lauren Peterson,1988,Thriller,Haiti,Chinese,978-0-920596-33-3
Whole.,Margaret Schmidt,2001,Biography,Canada,German,978-1-267-52593-2
Million child.,Danielle Tucker,1911,Biography,Iraq,English,978-0-15-274393-2
Trial generation.,Joshua Harris,1996,Biography,Comoros,Russian,978-0-07-350800-9
Prove.,Elizabeth Jones,2004,Biography,Sao Tome and Principe,German,978-1-77817-034-8
Improve after about situation.,Jasmine Russell,1990,Sci-Fi,El Salvador,Japanese,978-0-640-49276-2
Look.,John Hall,1917,Non-fiction,Belgium,French,978-0-9619273-0-1
Brother themselves need.,Mary Medina,2001,Sci-Fi,Burkina Faso,Spanish,978-1-106-63440-5
Policy again finally.,Donna Mitchell,2016,Sci-Fi,Swaziland,Chinese,978-0-85157-083-9
Though skill defense.,Norman Anderson,1972,Sci-Fi,Vanuatu,Russian,978-1-4750-2273-5
Former word her.,Isaac Martin,1973,Romance,Lesotho,Japanese,978-1-895992-63-2
Ahead response relate.,Alexis Torres,2000,Sci-Fi,Heard Island and McDonald Islands,English,978-1-66274-280-4
Page available.,William Thomas,1963,Fantasy,Gabon,English,978-1-311-78881-8
Teach small scientist note.,Bryan Zamora,1964,Fiction,Botswana,Italian,978-0-926375-31-4
Popular popular.,Patrick Anderson,1908,Mystery,Honduras,Japanese,978-1-66211-233-1
Where heart.,Denise Ross,2007,Biography,Uzbekistan,Italian,978-0-15-531569-3
Big energy series.,Leah Johnson,1985,Fiction,Nigeria,English,978-1-872864-44-0
Citizen see enough.,Terry White,1902,Fantasy,Iraq,French,978-1-5475-7748-4
Put practice skill.,Melissa Hunt,1998,Biography,Greenland,Italian,978-1-263-90508-0
Happy standard half.,Ryan Cole,1902,Mystery,Jordan,German,978-0-365-66903-6
Force actually live.,Richard Mccormick,1909,Sci-Fi,Guernsey,Spanish,978-0-7613-2095-1
Nothing large entire.,Crystal Hernandez,1904,Romance,Estonia,Chinese,978-0-07-586153-9
True different expect practice.,Jenna Jones,1915,Thriller,Gibraltar,Italian,978-0-587-54158-5
Team clear one.,Joseph Branch,2008,Mystery,Lesotho,Chinese,978-1-955889-14-8
Home seat time.,Melissa Smith,1977,Fiction,Pakistan,French,978-0-451-88115-1
Task during.,Nicole Evans,1970,Non-fiction,Bangladesh,French,978-0-13-867895-1
Without field story.,Carrie Dodson,1942,Thriller,Thailand,German,978-1-4245-7180-2
Bag detail local exist.,Crystal Owens,1962,Sci-Fi,Aruba,French,978-1-4557-1209-0
Floor sit level.,Donald Martinez,1973,Sci-Fi,Panama,German,978-0-677-53966-9
Road change.,Blake Wright,1977,Sci-Fi,Antarctica (the territory South of 60 deg S),Japanese,978-0-03-951651-2
Join national full environmental.,Cindy Johnson,1931,Romance,Bolivia,Japanese,978-1-266-57687-4
Whom health for.,Karen Leon,2006,Thriller,Bangladesh,Spanish,978-1-912070-92-3
Drug college.,Andrea Wilson,1947,Sci-Fi,Zimbabwe,Japanese,978-1-62128-242-6
Clearly result after.,Dr. Dylan Grant DVM,1983,Mystery,Sao Tome and Principe,Italian,978-0-9510129-6-3
Hour around.,David Turner,1954,Biography,United States of America,Russian,978-1-69370-168-9
Never network scientist.,Erin Park,1991,Romance,Timor-Leste,Russian,978-1-7350943-2-8
Hit single.,Antonio Gray,1964,Sci-Fi,Cocos (Keeling) Islands,Chinese,978-0-05-756454-0
Interest nice forward.,David Duncan,1969,Romance,Solomon Islands,French,978-1-960827-71-5
Seek debate still.,Ms. Margaret Smith,1912,Fiction,United States of America,Spanish,978-0-7312-8303-3
Least through seek.,Jeffery Murphy,1904,Thriller,New Caledonia,English,978-1-890834-20-3
Black hotel.,Courtney Davis,1965,Sci-Fi,Anguilla,English,978-1-887549-52-3
Week staff.,Marc Diaz,1993,Non-fiction,French Southern Territories,Russian,978-1-137-72417-5
Sister store.,Kyle Brown,1980,Biography,Chile,Italian,978-0-7869-4436-1
Teach improve.,Kimberly Huff,1976,Sci-Fi,Bolivia,French,978-0-661-20060-5
Environmental pick thousand military.,Wendy Anderson,1989,Fiction,New Zealand,Chinese,978-1-4731-3283-2
City future service list.,Eric Scott,1946,Fiction,Kiribati,German,978-0-447-88833-1
Oil kind meeting crime.,Natalie Hoover,2019,Biography,Finland,Russian,978-1-228-32201-3
Hope matter.,Juan Kelley,2018,Romance,Togo,English,978-0-483-50141-6
School election son.,Patricia Summers,1930,Fantasy,Georgia,Chinese,978-1-05-303978-0
Sister data above.,Joseph French,2015,Fantasy,Iceland,Chinese,978-0-358-94437-9
Start consumer.,Anthony Olson,1914,Non-fiction,Sierra Leone,Italian,978-0-8274-1534-8
Consumer skin scene.,Melissa Henderson,1958,Sci-Fi,Antigua and Barbuda,Japanese,978-0-10-258224-6
Least.,Maureen Brown,1933,Mystery,New Zealand,Japanese,978-1-04-920283-9
Community.,David Banks,1946,Fiction,Dominican Republic,Russian,978-1-130-02571-2
There.,David Cochran,1910,Thriller,United States Minor Outlying Islands,Russian,978-1-4068-5771-9
Fight section.,Lawrence Kane,1969,Romance,Gabon,French,978-1-897071-75-5
Girl keep.,Matthew Parker,2019,Mystery,Colombia,Japanese,978-1-121-16862-6
Television according now.,Kathy Elliott,1932,Sci-Fi,Hungary,German,978-0-318-72694-6
Top difference now.,Abigail Boyd,1987,Thriller,Lithuania,Italian,978-0-7805-2343-2
Son board tell.,John White,1959,Thriller,Lesotho,English,978-1-183-61191-7
Tax determine fly.,Kim Villa,1904,Non-fiction,Isle of Man,Spanish,978-0-618-60659-7
Recently eye.,Dawn Silva,2008,Biography,Albania,English,978-0-212-93373-0
Matter example.,Ruth Hess,1934,Mystery,Cyprus,Italian,978-1-61075-066-0
Theory agree.,Jerry Park,1974,Fantasy,Jersey,Spanish,978-0-621-55169-3
Bad.,Anna Freeman,1983,Fiction,Nauru,Japanese,978-1-382-31710-8
Social.,Virginia Miller,1952,Mystery,Haiti,German,978-1-968448-16-5
Trial trouble pay.,Christopher Patel DVM,2012,Biography,Qatar,Chinese,978-0-569-28093-8
Hour world market.,Miguel Walker,1974,Fantasy,Mauritania,Russian,978-1-85387-500-7
Owner prove rate.,George Jones,1905,Non-fiction,Guernsey,Spanish,978-0-8224-5742-8
Enough compare long.,Louis Henry MD,1938,Biography,Mozambique,English,978-1-255-61781-6
Clearly attack must me.,Cynthia Barrett,1997,Non-fiction,Western Sahara,Spanish,978-1-995579-98-6
Cold may down.,Elizabeth Gibson,2012,Sci-Fi,Russian Federation,Japanese,978-0-548-43304-1
Step day woman clearly.,Gary Hill,1920,Romance,Guatemala,French,978-1-4175-8653-0
Bring indicate.,Julie Norris,1932,Biography,Norfolk Island,Italian,978-1-78602-007-9
Answer bag.,Jason Thompson,1946,Fantasy,Palestinian Territory,Japanese,978-0-8014-3816-5
Score herself somebody.,Lisa Gibson,2009,Mystery,Somalia,Spanish,978-0-8414-8504-4
Take these measure.,Willie Baird,1914,Biography,Hungary,Russian,978-1-80513-932-4
Or west power book.,Jennifer Norman,1951,Fiction,Sao Tome and Principe,Russian,978-0-7764-5430-6
Continue itself change road.,Jesus Lawrence,1907,Romance,Brazil,Chinese,978-1-05-383691-4
Idea lead.,Holly Hughes,1967,Romance,Thailand,Japanese,978-1-964304-16-8
Election beyond.,Dana Stevens,1996,Fantasy,India,English,978-0-15-980257-1
Boy administration feel.,Sarah Hanson,1999,Fiction,Ecuador,German,978-1-279-15172-3
Republican impact challenge.,Justin Brown,1986,Romance,Kyrgyz Republic,German,978-0-506-71944-6
Executive fly.,Karen Newton,1925,Sci-Fi,Denmark,Spanish,978-0-9896316-4-8
Option assume expect.,Erin Ware,2004,Romance,Guernsey,Chinese,978-0-7051-3189-6
Throughout itself.,John King,1902,Fiction,Iceland,English,978-1-07-793016-2
Interest name.,Courtney Cardenas,2016,Fantasy,Tuvalu,Italian,978-0-7818-0572-8
Mother push Mr.,Keith Perkins,1955,Mystery,Tonga,Russian,978-1-4467-3748-4
Current investment throw.,Matthew Murray,1957,Fiction,Malaysia,German,978-0-210-33290-0
At possible clearly.,Laura Morales,1935,Sci-Fi,Congo,English,978-0-904649-98-7
Way somebody when.,Julian Liu,1971,Non-fiction,Macedonia,English,978-0-566-82460-9
Prevent apply though.,Brian Sampson,1990,Mystery,Sweden,Italian,978-0-348-13084-3
Ok man above.,Brian Smith,1904,Romance,Kiribati,Russian,978-1-5245-1592-8
Light.,Cassandra Williams,1977,Biography,Iceland,Chinese,978-1-360-46306-3
Agency quite couple.,Melinda Newman,1946,Sci-Fi,Syrian Arab Republic,Japanese,978-1-269-85326-2
Air.,Raymond Cuevas,1969,Biography,New Caledonia,German,978-1-00-940223-1
Base material particular.,Craig Griffin,1962,Fiction,Cook Islands,German,978-1-241-34193-0
Show recent.,Carolyn Brown,1910,Fiction,French Polynesia,Japanese,978-1-5368-9331-1
Alone cold also.,Lindsey Boyle,1911,Mystery,Greece,French,978-0-427-98802-0
And cup.,Casey Lopez,1922,Fiction,Syrian Arab Republic,Chinese,978-0-09-465522-5
Model born.,Timothy Yang,2016,Fiction,Faroe Islands,Italian,978-1-903819-02-9
Law thus.,Raymond Moyer,1967,Fantasy,Lithuania,French,978-1-66025-145-2
Air meet.,Daniel Watson,1951,Thriller,Congo,Italian,978-0-903928-96-0
Meeting military.,Wayne Hall,1915,Romance,Belarus,Russian,978-1-9808-4850-9
You return finally.,Lorraine Flores,1965,Thriller,Timor-Leste,German,978-0-16-109778-1
Keep ever.,Victor Rogers,1997,Fiction,Saudi Arabia,Russian,978-0-529-46480-4
Account.,Howard Calhoun,1967,Mystery,Puerto Rico,Spanish,978-1-187-66619-7
Art compare think.,Heather Smith,2006,Non-fiction,Lesotho,French,978-1-79249-472-7
Perhaps.,Kelly Rivera,1969,Thriller,Gibraltar,French,978-1-101-92309-2
Home north interview.,Ashley Olson,1900,Thriller,Somalia,Italian,978-0-404-34524-2
Visit.,Michael Perry,1917,Biography,Costa Rica,Russian,978-1-58545-139-5
Create institution.,Jacqueline Kemp,1995,Non-fiction,Western Sahara,Spanish,978-0-593-14824-2
Involve.,Misty Estrada,1939,Fiction,Netherlands,Chinese,978-0-249-30692-7
Mind.,John Jones,1976,Sci-Fi,Saudi Arabia,Italian,978-1-73165-068-9
Thank example son.,Brandon Johnson,1931,Non-fiction,Estonia,Russian,978-0-9726681-3-2
Discussion soon we.,Amanda Gibson,1905,Fantasy,Jamaica,English,978-0-503-25005-8
Remember.,Joan Clark,1986,Mystery,Fiji,Italian,978-1-85464-584-5
Mrs season couple.,Matthew Bonilla,2021,Thriller,Lithuania,Russian,978-1-4888-1896-7
More maybe.,Christy Sharp,1902,Sci-Fi,Faroe Islands,German,978-1-5221-2115-2
Own choice deep believe.,Charles Hardin,2021,Fantasy,Nigeria,Spanish,978-1-4568-5075-3
Travel no something.,Nicholas Miller,1914,Sci-Fi,Haiti,German,978-1-139-51589-4
Clear.,Suzanne Ryan,1927,Thriller,Indonesia,French,978-0-7762-7451-5
Value close.,Jason Smith,2015,Sci-Fi,Samoa,Japanese,978-0-16-679913-0
Speak partner mention find.,Annette Nielsen,1926,Thriller,Gabon,Russian,978-0-85938-058-4
Congress deep.,Anthony Edwards,1937,Mystery,Malawi,Japanese,978-1-82031-918-3
Maintain.,Beth Haley,1908,Fiction,Niue,Russian,978-0-13-991324-2
Growth turn.,Jonathan Gonzalez,1969,Sci-Fi,Ghana,Italian,978-0-04-061766-6
Manage foot former.,Mark Collins,1965,Fantasy,Guatemala,German,978-1-925137-87-3
Billion themselves.,William Ramirez,1949,Non-fiction,Guinea-Bissau,Chinese,978-1-72206-874-5
Figure situation half.,Meagan Patel,1935,Fiction,Hungary,German,978-1-07-546828-5
Natural responsibility.,Sarah Simmons,1993,Sci-Fi,Nigeria,German,978-0-907253-50-1
Open show decade story.,Michael Mitchell,1971,Fiction,Haiti,German,978-0-00-482125-2
Large apply.,Derek Mack,1998,Fiction,Greenland,German,978-1-68460-299-5
Generation education.,Joan Martin,1933,Fiction,Christmas Island,Chinese,978-0-7220-4236-6
Exist likely.,Andrew Tucker,2002,Fiction,Tajikistan,French,978-1-83423-035-1
Industry half hold.,John Oneill,1944,Mystery,Philippines,Italian,978-0-88474-037-7
Continue parent range.,Jennifer Huang,1919,Fantasy,Svalbard & Jan Mayen Islands,Chinese,978-0-9620586-4-6
None however strong.,Victor Velez,1911,Fantasy,Guyana,Russian,978-1-935385-72-1
Scene defense society.,Andrea Kennedy,2006,Non-fiction,Congo,English,978-0-900173-33-2
About.,Amanda Armstrong,1933,Fantasy,Kuwait,Spanish,978-1-140-66873-2
Interest lot.,John Cox,1957,Fiction,Guam,French,978-1-955657-54-9
Professor break population.,Jennifer Miller,1994,Sci-Fi,Marshall Islands,French,978-1-273-43919-3
Student high.,Heather Moore,1921,Romance,Equatorial Guinea,Italian,978-0-696-40907-3
Reflect dark.,Karen Hurley,1911,Fantasy,Botswana,Russian,978-1-885239-71-6
Raise provide discussion.,Robert Spencer,1964,Thriller,United States Virgin Islands,German,978-1-7348098-1-7
Play avoid happy recent.,Anthony Gallagher DVM,1905,Non-fiction,Bosnia and Herzegovina,French,978-0-306-58433-6
Including second wife.,Michael Hurst,1947,Fantasy,Libyan Arab Jamahiriya,Spanish,978-0-00-920003-8
Wait meeting sign.,Anthony Martin,1907,Fantasy,Botswana,Spanish,978-0-256-44728-6
Industry day scene.,Christopher Murphy,1925,Non-fiction,Kazakhstan,Russian,978-1-271-12839-6
Experience tonight citizen.,Daniel Pham,1988,Sci-Fi,American Samoa,German,978-0-7384-6182-3
True want.,Drew Castro,1932,Non-fiction,Saint Barthelemy,German,978-1-83752-988-9
Boy hear skill.,Ryan Becker,2015,Romance,Netherlands,Italian,978-1-7371814-3-9
Attack smile specific thought.,Robert Oconnor,2014,Biography,Holy See (Vatican City State),Chinese,978-1-4346-8110-2
Follow yeah team.,Vicki Osborn,1983,Biography,Cook Islands,Japanese,978-1-373-10222-5
That may class.,Ronald Rhodes,1951,Thriller,Seychelles,French,978-1-945175-48-0
Decade white price.,Michael Townsend,1939,Mystery,Bermuda,Spanish,978-1-4851-7396-0
Sure.,Jennifer Morton,1954,Sci-Fi,Puerto Rico,Chinese,978-0-904987-11-9
Management defense why.,Dr. Kelly Kelley DDS,1920,Non-fiction,Belgium,Japanese,978-1-61521-320-7
Surface down.,Russell Scott,1961,Romance,Sweden,Italian,978-1-253-48271-3
Fly level loss.,William Nunez,1911,Biography,South Africa,Italian,978-1-399-99614-3
Agency Democrat.,Charles Reed,1980,Fantasy,Saint Martin,Italian,978-1-395-28135-9
Home.,Roy Villa,1941,Fantasy,Poland,French,978-1-938058-30-1
Then dinner else.,Adam Sparks,1965,Fantasy,Palestinian Territory,French,978-1-139-83250-2
Rise hand.,Linda Wood,1954,Thriller,Benin,French,978-1-55341-635-7
Night media consider.,Brittney Gregory,1989,Romance,Gambia,Spanish,978-1-56224-351-7
Social paper.,David Jackson,1909,Fantasy,Reunion,Russian,978-1-893887-20-6
Condition foreign although.,James James,1938,Mystery,Japan,Japanese,978-0-940461-30-7
Would.,Carrie Bishop,1944,Romance,Belgium,Chinese,978-0-12-675980-8
Animal.,Robert Oconnell,1911,Biography,Iran,Italian,978-0-6488985-2-8
Me.,Catherine Thomas,1994,Non-fiction,Fiji,Chinese,978-1-202-75947-7
Authority professor good.,Jordan Stewart,1999,Biography,Spain,Chinese,978-0-389-65256-4
Popular box recognize.,Troy Butler,1996,Non-fiction,Central African Republic,Chinese,978-0-7408-9724-5
Deal author.,William Cox,1923,Mystery,Paraguay,French,978-1-5488-2454-9
Production trade finally.,Vanessa Johnson,1922,Non-fiction,Martinique,English,978-0-7239-1557-7
Clear west.,Catherine Acosta,1987,Non-fiction,Heard Island and McDonald Islands,English,978-1-7326214-9-7
Bank no.,Heather Green,1918,Sci-Fi,Antarctica (the territory South of 60 deg S),Japanese,978-0-686-99006-2
Serious cause its body.,Andrea Russell,1924,Non-fiction,Cocos (Keeling) Islands,Spanish,978-1-64421-502-9
Total become.,Michelle Crosby,1931,Non-fiction,Antarctica (the territory South of 60 deg S),English,978-1-208-21348-5
Cup some.,Trevor Poole,1902,Romance,Kenya,Spanish,978-0-563-98643-0
Democrat decision final.,Sally Hodges,1907,Romance,Ghana,Italian,978-1-893123-99-1
Event into total.,Brandon Hart,2003,Thriller,Mozambique,French,978-0-671-38934-5
Care during.,Dale Williams,2010,Biography,Austria,Russian,978-0-444-28068-8
Lead data old yard.,James Rodgers,1986,Thriller,Mauritius,German,978-0-552-62168-7
Adult.,Jamie Hughes,1903,Fantasy,Mexico,English,978-0-06-573554-3
Pressure safe.,Wesley Myers,2002,Fantasy,United States Virgin Islands,Italian,978-1-215-41157-7
Toward particular room.,Bryan Hayden,2016,Thriller,Christmas Island,German,978-0-05-886059-7
Box arm hope ten.,Jennifer Cameron,1906,Mystery,Israel,German,978-0-645-38922-7
Idea recognize.,Erin Thomas,1960,Sci-Fi,Namibia,German,978-1-58592-582-7
Difficult push air.,Jordan Salazar,1927,Thriller,Anguilla,Chinese,978-1-164-06296-7
Despite site.,Jacqueline Vega,1972,Romance,Brunei Darussalam,English,978-1-4715-7676-8
Candidate blue.,Ricky Williams,1930,Fantasy,Libyan Arab Jamahiriya,English,978-0-7043-3228-7
Process safe may.,Michelle Young,2013,Fantasy,British Indian Ocean Territory (Chagos Archipelago),English,978-0-18-052318-6
Yes interest together maintain.,Heidi Thompson,1924,Mystery,Chad,French,978-0-633-91306-9
Send.,David Townsend,1965,Non-fiction,Norfolk Island,Japanese,978-0-10-470174-4
Pretty live road.,Holly Hartman,2020,Fantasy,Seychelles,Russian,978-1-03-001129-7
Physical doctor consider.,Sonya Watson,2012,Biography,Suriname,Chinese,978-1-08-963485-0
Prove read happy.,Susan Martinez,1915,Romance,Cook Islands,Italian,978-0-06-690641-6
Build along.,Ann Davis,1954,Thriller,Morocco,Russian,978-0-7023-2106-1
Evidence remember look.,Stephen Schneider,1912,Non-fiction,Cameroon,German,978-1-128-76618-4
Civil career.,Patrick Johnson,1958,Romance,Ghana,Chinese,978-0-292-68598-7
Commercial thing eye pressure.,Bridget Cruz,1944,Fantasy,Hong Kong,Russian,978-0-16-709914-7
Fight air.,Henry Hall,1903,Sci-Fi,Egypt,Japanese,978-0-674-38022-6
She either whose.,Patrick Vaughn,1911,Sci-Fi,Chile,French,978-0-696-62123-9
Meeting remember.,Ricky Munoz,2014,Biography,Cyprus,German,978-1-5398-2961-4
Ok argue.,Adam Williams,2010,Thriller,French Polynesia,Spanish,978-0-7683-9106-0
Tree media population.,Jennifer Morgan,1905,Sci-Fi,Saint Lucia,Spanish,978-1-57649-775-3
Season perhaps.,Briana Wheeler,2012,Romance,Latvia,Spanish,978-1-68755-389-8
